{
  "gl_version": 3,
  "vendor": "ARM",
  "renderer": "Mali-G710",
  "gl_texture": [
    "GL_EXT_texture_compression_astc_decode_mode_rgb9e5",
    "GL_EXT_texture_compression_astc_decode_mode",
    "GL_KHR_texture_compression_astc_hdr",
    "GL_KHR_texture_compression_astc_sliced_3d",
    "GL_OES_compressed_paletted_texture",
    "GL_OES_compressed_ETC1_RGB8_texture",
    "GL_OES_texture_compression_astc",
    "GL_KHR_texture_compression_astc_ldr"
  ],
  "gl_extension": [
    "GL_EXT_buffer_storage",
    "GL_EXT_texture_compression_astc_decode_mode_rgb9e5",
    "GL_EXT_discard_framebuffer",
    "GL_KHR_robust_buffer_access_behavior",
    "GL_OES_EGL_sync",
    "GL_OES_draw_buffers_indexed",
    "GL_EXT_EGL_image_array",
    "GL_EXT_read_format_bgra",
    "GL_OES_read_format",
    "GL_OES_shader_image_atomic",
    "GL_KHR_texture_compression_astc_sliced_3d",
    "GL_EXT_geometry_shader",
    "GL_OES_texture_npot",
    "GL_KHR_blend_equation_advanced",
    "GL_EXT_texture_border_clamp",
    "GL_ANDROID_extension_pack_es31a",
    "GL_EXT_texture_format_BGRA8888",
    "GL_OES_geometry_shader",
    "GL_OES_blend_subtract",
    "GL_KHR_debug",
    "GL_OES_depth_texture_cube_map",
    "GL_KHR_robustness",
    "GL_OES_matrix_palette",
    "GL_EXT_texture_filter_anisotropic",
    "GL_EXT_color_buffer_float",
    "GL_EXT_unpack_subimage",
    "GL_OES_vertex_half_float",
    "GL_OES_surfaceless_context",
    "GL_EXT_shader_non_constant_global_initializers",
    "GL_OES_primitive_bounding_box",
    "GL_ARM_shader_core_properties",
    "GL_OVR_multiview",
    "GL_OES_texture_storage_multisample_2d_array",
    "GL_OES_texture_cube_map_array",
    "GL_EXT_disjoint_timer_query",
    "GL_OES_get_program_binary",
    "GL_EXT_texture_compression_astc_decode_mode",
    "GL_EXT_clip_control",
    "GL_EXT_primitive_bounding_box",
    "GL_OES_draw_elements_base_vertex",
    "GL_OES_standard_derivatives",
    "GL_OES_texture_compression_astc",
    "GL_OES_gpu_shader5",
    "GL_EXT_robustness",
    "GL_EXT_protected_textures",
    "GL_OES_point_size_array",
    "GL_EXT_EGL_image_storage",
    "GL_ARM_rgba8",
    "GL_OES_blend_equation_separate",
    "GL_OES_rgb8_rgba8",
    "GL_ARM_shader_framebuffer_fetch_depth_stencil",
    "GL_OES_copy_image",
    "GL_EXT_texture_rg",
    "GL_EXT_draw_buffers_indexed",
    "GL_EXT_float_blend",
    "GL_EXT_debug_marker",
    "GL_OES_texture_border_clamp",
    "GL_OVR_multiview2",
    "GL_OES_framebuffer_object",
    "GL_EXT_texture_storage",
    "GL_OES_matrix_get",
    "GL_EXT_gpu_shader5",
    "GL_OES_texture_mirrored_repeat",
    "GL_OES_single_precision",
    "GL_OES_depth_texture",
    "GL_EXT_external_buffer",
    "GL_OES_byte_coordinates",
    "GL_EXT_occlusion_query_boolean",
    "GL_EXT_texture_buffer",
    "GL_OES_EGL_image_external",
    "GL_OES_vertex_array_object",
    "GL_OES_stencil_wrap",
    "GL_EXT_tessellation_shader",
    "GL_EXT_multisampled_render_to_texture",
    "GL_EXT_shader_pixel_local_storage",
    "GL_KHR_blend_equation_advanced_coherent",
    "GL_EXT_clear_texture",
    "GL_EXT_shader_io_blocks",
    "GL_OES_EGL_image",
    "GL_KHR_texture_compression_astc_hdr",
    "GL_OVR_multiview_multisampled_render_to_texture",
    "GL_OES_texture_stencil8",
    "GL_KHR_texture_compression_astc_ldr",
    "GL_EXT_color_buffer_half_float",
    "GL_OES_texture_3D",
    "GL_OES_sample_variables",
    "GL_EXT_sRGB_write_control",
    "GL_EXT_shadow_samplers",
    "GL_EXT_draw_elements_base_vertex",
    "GL_OES_texture_buffer",
    "GL_OES_blend_func_separate",
    "GL_OES_required_internalformat",
    "GL_EXT_texture_sRGB_decode",
    "GL_OES_packed_depth_stencil",
    "GL_OES_shader_io_blocks",
    "GL_EXT_texture_cube_map_array",
    "GL_OES_tessellation_shader",
    "GL_OES_texture_cube_map",
    "GL_OES_draw_texture",
    "GL_OES_compressed_paletted_texture",
    "GL_EXT_sRGB",
    "GL_ARM_texture_unnormalized_coordinates",
    "GL_EXT_polygon_offset_clamp",
    "GL_ARM_mali_program_binary",
    "GL_ARM_mali_shader_binary",
    "GL_OES_stencil8",
    "GL_OES_sample_shading",
    "GL_OES_fixed_point",
    "GL_OES_fbo_render_mipmap",
    "GL_ARM_shader_framebuffer_fetch",
    "GL_OES_query_matrix",
    "GL_EXT_blend_minmax",
    "GL_EXT_shader_framebuffer_fetch",
    "GL_OES_shader_multisample_interpolation",
    "GL_OES_mapbuffer",
    "GL_EXT_texture_sRGB_RG8",
    "GL_EXT_YUV_target",
    "GL_OES_compressed_ETC1_RGB8_texture",
    "GL_EXT_texture_sRGB_R8",
    "GL_EXT_multisampled_render_to_texture2",
    "GL_OES_depth24",
    "GL_EXT_texture_type_2_10_10_10_REV",
    "GL_OES_point_sprite",
    "GL_EXT_copy_image",
    "GL_OES_texture_float_linear",
    "GL_OES_extended_matrix_palette",
    "GL_OES_EGL_image_external_essl3",
    "GL_OES_element_index_uint"
  ],
  "gl_max_varying_vectors": 31,
  "gl_aliased_point_size_range": [
    1.0,
    1024.0
  ],
  "gl_max_cube_map_texture_size": 16383,
  "gl_max_varying_components": 124,
  "gl_max_vertex_texture_image_units": 64,
  "gl_max_fragment_uniform_blocks": 36,
  "gl_aliased_line_width_range": [
    1.0,
    4095.9375
  ],
  "gl_max_uniform_block_size": 134217728,
  "gl_max_draw_buffers": 8,
  "gl_max_3d_texture_size": 16383,
  "gl_uniform_buffer_offset_alignment": 16,
  "gl_max_combined_fragment_uniform_components": 1207975936,
  "gl_shading_language_version": "OpenGL ES GLSL ES 3.20",
  "gl_version_real": "OpenGL ES 3.2 v1.r47p0-01eac0.cd24a10f5ddffa4cfe272051060e786b",
  "gl_max_transform_feedback_separate_components": 4,
  "gl_shader_compiler": 1,
  "gl_max_texture_size": 16383,
  "gl_max_color_attachments": 8,
  "gl_max_vertex_output_components": 128,
  "gl_compressed_texture_formats": [
    35728,
    35729,
    35730,
    35731,
    35732,
    35733,
    35734,
    35735,
    35736,
    35737,
    36196,
    37492,
    37493,
    37496,
    37497,
    37494,
    37495,
    37488,
    37490,
    37489,
    37491,
    37808,
    37809,
    37810,
    37811,
    37812,
    37813,
    37814,
    37815,
    37816,
    37817,
    37818,
    37819,
    37820,
    37821,
    37840,
    37841,
    37842,
    37843,
    37844,
    37845,
    37846,
    37847,
    37848,
    37849,
    37850,
    37851,
    37852,
    37853,
    37824,
    37825,
    37826,
    37827,
    37828,
    37829,
    37830,
    37831,
    37832,
    37833,
    37856,
    37857,
    37858,
    37859,
    37860,
    37861,
    37862,
    37863,
    37864,
    37865
  ],
  "gl_max_elements_vertices": 16777216,
  "gl_max_fragment_uniform_vectors": 4096,
  "gl_max_vertex_uniform_vectors": 4096,
  "gl_program_binary_formats": [
    36705
  ],
  "gl_minor_version": 2,
  "gl_max_program_texel_offset": 7,
  "gl_max_viewport_dims": [
    16383,
    16383
  ],
  "gl_max_server_wait_timeout": -1,
  "gl_max_combined_texture_image_units": 384,
  "gl_subpixel_bits": 8,
  "gl_min_program_texel_offset": -8,
  "gl_max_uniform_buffer_bindings": 216,
  "gl_max_transform_feedback_separate_attribs": 4,
  "gl_major_version": 3,
  "gl_max_texture_lod_bias": 126.99609375,
  "gl_max_combined_vertex_uniform_components": 1207975936,
  "gl_max_texture_image_units": 64,
  "gl_max_vertex_attribs": 32,
  "gl_max_fragment_uniform_components": 16384,
  "gl_shader_binary_formats": [
    36704
  ],
  "gl_max_element_index": 2147483647,
  "gl_max_vertex_uniform_components": 16384,
  "gl_max_fragment_input_components": 124,
  "gl_max_combined_uniform_blocks": 216,
  "gl_max_array_texture_layers": 4096,
  "gl_max_elements_indices": 16777216,
  "gl_max_transform_feedback_interleaved_components": 64,
  "gl_max_renderbuffer_size": 16383,
  "gl_max_vertex_uniform_blocks": 36,
  "egl_extension": [
    "EGL_EXT_surface_SMPTE2086_metadata",
    "EGL_ANDROID_native_fence_sync",
    "EGL_EXT_create_context_robustness",
    "EGL_EXT_protected_content",
    "EGL_KHR_no_config_context",
    "EGL_KHR_surfaceless_context",
    "EGL_ANDROID_get_native_client_buffer",
    "EGL_EXT_gl_colorspace_bt2020_hlg",
    "EGL_ANDROID_presentation_time",
    "EGL_ANDROID_recordable",
    "EGL_KHR_gl_texture_2D_image",
    "EGL_KHR_fence_sync",
    "EGL_NV_context_priority_realtime",
    "EGL_KHR_gl_texture_3D_image",
    "EGL_KHR_gl_renderbuffer_image",
    "EGL_ANDROID_get_frame_timestamps",
    "EGL_EXT_gl_colorspace_scrgb",
    "EGL_EXT_gl_colorspace_bt2020_linear",
    "EGL_EXT_gl_colorspace_scrgb_linear",
    "EGL_EXT_surface_CTA861_3_metadata",
    "EGL_EXT_gl_colorspace_display_p3_passthrough",
    "EGL_EXT_gl_colorspace_bt2020_pq",
    "EGL_KHR_create_context",
    "EGL_KHR_wait_sync",
    "EGL_ANDROID_image_native_buffer",
    "EGL_ANDROID_front_buffer_auto_refresh",
    "EGL_KHR_swap_buffers_with_damage",
    "EGL_EXT_pixel_format_float",
    "EGL_KHR_config_attribs",
    "EGL_EXT_gl_colorspace_display_p3",
    "EGL_KHR_get_all_proc_addresses",
    "EGL_KHR_partial_update",
    "EGL_EXT_image_gl_colorspace",
    "EGL_KHR_gl_colorspace",
    "EGL_KHR_image",
    "EGL_KHR_image_base",
    "EGL_EXT_gl_colorspace_display_p3_linear",
    "EGL_KHR_mutable_render_buffer",
    "EGL_IMG_context_priority",
    "EGL_KHR_gl_texture_cubemap_image",
    "EGL_EXT_yuv_surface"
  ]
}