{
  "media_codec_info": [
    {
      "name": "c2.android.aac.decoder",
      "canonical": "c2.android.aac.decoder",
      "encoder": false,
      "alias": false,
      "software": true,
      "hardware": false,
      "vendor": false,
      "supported_type": [
        {
          "type": "audio/mp4a-latm",
          "codec_profile_level": [
            {
              "level": 0,
              "profile": 2
            },
            {
              "level": 0,
              "profile": 5
            },
            {
              "level": 0,
              "profile": 29
            },
            {
              "level": 0,
              "profile": 23
            },
            {
              "level": 0,
              "profile": 39
            },
            {
              "level": 0,
              "profile": 20
            },
            {
              "level": 0,
              "profile": 42
            }
          ],
          "supported_secure_playback": false,
          "supported_hdr_editing": false,
          "min_sample_rate": 7350,
          "max_sample_rate": 48000,
          "max_channel_count": 8,
          "min_channel_count": 1
        }
      ]
    },
    {
      "name": "OMX.google.aac.decoder",
      "canonical": "c2.android.aac.decoder",
      "encoder": false,
      "alias": true,
      "software": true,
      "hardware": false,
      "vendor": false,
      "supported_type": [
        {
          "type": "audio/mp4a-latm",
          "codec_profile_level": [
            {
              "level": 0,
              "profile": 2
            },
            {
              "level": 0,
              "profile": 5
            },
            {
              "level": 0,
              "profile": 29
            },
            {
              "level": 0,
              "profile": 23
            },
            {
              "level": 0,
              "profile": 39
            },
            {
              "level": 0,
              "profile": 20
            },
            {
              "level": 0,
              "profile": 42
            }
          ],
          "supported_secure_playback": false,
          "supported_hdr_editing": false,
          "min_sample_rate": 7350,
          "max_sample_rate": 48000,
          "max_channel_count": 8,
          "min_channel_count": 1
        }
      ]
    },
    {
      "name": "c2.android.aac.encoder",
      "canonical": "c2.android.aac.encoder",
      "encoder": true,
      "alias": false,
      "software": true,
      "hardware": false,
      "vendor": false,
      "supported_type": [
        {
          "type": "audio/mp4a-latm",
          "codec_profile_level": [
            {
              "level": 0,
              "profile": 2
            },
            {
              "level": 0,
              "profile": 5
            },
            {
              "level": 0,
              "profile": 29
            },
            {
              "level": 0,
              "profile": 23
            },
            {
              "level": 0,
              "profile": 39
            }
          ],
          "supported_secure_playback": false,
          "supported_hdr_editing": false,
          "min_sample_rate": 8000,
          "max_sample_rate": 48000,
          "max_channel_count": 6,
          "min_channel_count": 1
        }
      ]
    },
    {
      "name": "OMX.google.aac.encoder",
      "canonical": "c2.android.aac.encoder",
      "encoder": true,
      "alias": true,
      "software": true,
      "hardware": false,
      "vendor": false,
      "supported_type": [
        {
          "type": "audio/mp4a-latm",
          "codec_profile_level": [
            {
              "level": 0,
              "profile": 2
            },
            {
              "level": 0,
              "profile": 5
            },
            {
              "level": 0,
              "profile": 29
            },
            {
              "level": 0,
              "profile": 23
            },
            {
              "level": 0,
              "profile": 39
            }
          ],
          "supported_secure_playback": false,
          "supported_hdr_editing": false,
          "min_sample_rate": 8000,
          "max_sample_rate": 48000,
          "max_channel_count": 6,
          "min_channel_count": 1
        }
      ]
    },
    {
      "name": "c2.android.amrnb.decoder",
      "canonical": "c2.android.amrnb.decoder",
      "encoder": false,
      "alias": false,
      "software": true,
      "hardware": false,
      "vendor": false,
      "supported_type": [
        {
          "type": "audio/3gpp",
          "supported_secure_playback": false,
          "supported_hdr_editing": false,
          "min_sample_rate": 8000,
          "max_sample_rate": 8000,
          "max_channel_count": 1,
          "min_channel_count": 1
        }
      ]
    },
    {
      "name": "OMX.google.amrnb.decoder",
      "canonical": "c2.android.amrnb.decoder",
      "encoder": false,
      "alias": true,
      "software": true,
      "hardware": false,
      "vendor": false,
      "supported_type": [
        {
          "type": "audio/3gpp",
          "supported_secure_playback": false,
          "supported_hdr_editing": false,
          "min_sample_rate": 8000,
          "max_sample_rate": 8000,
          "max_channel_count": 1,
          "min_channel_count": 1
        }
      ]
    },
    {
      "name": "c2.android.amrnb.encoder",
      "canonical": "c2.android.amrnb.encoder",
      "encoder": true,
      "alias": false,
      "software": true,
      "hardware": false,
      "vendor": false,
      "supported_type": [
        {
          "type": "audio/3gpp",
          "supported_secure_playback": false,
          "supported_hdr_editing": false,
          "min_sample_rate": 8000,
          "max_sample_rate": 8000,
          "max_channel_count": 1,
          "min_channel_count": 1
        }
      ]
    },
    {
      "name": "OMX.google.amrnb.encoder",
      "canonical": "c2.android.amrnb.encoder",
      "encoder": true,
      "alias": true,
      "software": true,
      "hardware": false,
      "vendor": false,
      "supported_type": [
        {
          "type": "audio/3gpp",
          "supported_secure_playback": false,
          "supported_hdr_editing": false,
          "min_sample_rate": 8000,
          "max_sample_rate": 8000,
          "max_channel_count": 1,
          "min_channel_count": 1
        }
      ]
    },
    {
      "name": "c2.android.amrwb.decoder",
      "canonical": "c2.android.amrwb.decoder",
      "encoder": false,
      "alias": false,
      "software": true,
      "hardware": false,
      "vendor": false,
      "supported_type": [
        {
          "type": "audio/amr-wb",
          "supported_secure_playback": false,
          "supported_hdr_editing": false,
          "min_sample_rate": 16000,
          "max_sample_rate": 16000,
          "max_channel_count": 1,
          "min_channel_count": 1
        }
      ]
    },
    {
      "name": "OMX.google.amrwb.decoder",
      "canonical": "c2.android.amrwb.decoder",
      "encoder": false,
      "alias": true,
      "software": true,
      "hardware": false,
      "vendor": false,
      "supported_type": [
        {
          "type": "audio/amr-wb",
          "supported_secure_playback": false,
          "supported_hdr_editing": false,
          "min_sample_rate": 16000,
          "max_sample_rate": 16000,
          "max_channel_count": 1,
          "min_channel_count": 1
        }
      ]
    },
    {
      "name": "c2.android.amrwb.encoder",
      "canonical": "c2.android.amrwb.encoder",
      "encoder": true,
      "alias": false,
      "software": true,
      "hardware": false,
      "vendor": false,
      "supported_type": [
        {
          "type": "audio/amr-wb",
          "supported_secure_playback": false,
          "supported_hdr_editing": false,
          "min_sample_rate": 16000,
          "max_sample_rate": 16000,
          "max_channel_count": 1,
          "min_channel_count": 1
        }
      ]
    },
    {
      "name": "OMX.google.amrwb.encoder",
      "canonical": "c2.android.amrwb.encoder",
      "encoder": true,
      "alias": true,
      "software": true,
      "hardware": false,
      "vendor": false,
      "supported_type": [
        {
          "type": "audio/amr-wb",
          "supported_secure_playback": false,
          "supported_hdr_editing": false,
          "min_sample_rate": 16000,
          "max_sample_rate": 16000,
          "max_channel_count": 1,
          "min_channel_count": 1
        }
      ]
    },
    {
      "name": "c2.android.flac.decoder",
      "canonical": "c2.android.flac.decoder",
      "encoder": false,
      "alias": false,
      "software": true,
      "hardware": false,
      "vendor": false,
      "supported_type": [
        {
          "type": "audio/flac",
          "supported_secure_playback": false,
          "supported_hdr_editing": false,
          "min_sample_rate": 7350,
          "max_sample_rate": 192000,
          "max_channel_count": 8,
          "min_channel_count": 1
        }
      ]
    },
    {
      "name": "OMX.google.flac.decoder",
      "canonical": "c2.android.flac.decoder",
      "encoder": false,
      "alias": true,
      "software": true,
      "hardware": false,
      "vendor": false,
      "supported_type": [
        {
          "type": "audio/flac",
          "supported_secure_playback": false,
          "supported_hdr_editing": false,
          "min_sample_rate": 7350,
          "max_sample_rate": 192000,
          "max_channel_count": 8,
          "min_channel_count": 1
        }
      ]
    },
    {
      "name": "c2.android.flac.encoder",
      "canonical": "c2.android.flac.encoder",
      "encoder": true,
      "alias": false,
      "software": true,
      "hardware": false,
      "vendor": false,
      "supported_type": [
        {
          "type": "audio/flac",
          "supported_secure_playback": false,
          "supported_hdr_editing": false,
          "min_sample_rate": 7350,
          "max_sample_rate": 192000,
          "max_channel_count": 2,
          "min_channel_count": 1
        }
      ]
    },
    {
      "name": "OMX.google.flac.encoder",
      "canonical": "c2.android.flac.encoder",
      "encoder": true,
      "alias": true,
      "software": true,
      "hardware": false,
      "vendor": false,
      "supported_type": [
        {
          "type": "audio/flac",
          "supported_secure_playback": false,
          "supported_hdr_editing": false,
          "min_sample_rate": 7350,
          "max_sample_rate": 192000,
          "max_channel_count": 2,
          "min_channel_count": 1
        }
      ]
    },
    {
      "name": "c2.android.g711.alaw.decoder",
      "canonical": "c2.android.g711.alaw.decoder",
      "encoder": false,
      "alias": false,
      "software": true,
      "hardware": false,
      "vendor": false,
      "supported_type": [
        {
          "type": "audio/g711-alaw",
          "supported_secure_playback": false,
          "supported_hdr_editing": false,
          "min_sample_rate": 8000,
          "max_sample_rate": 8000,
          "max_channel_count": 6,
          "min_channel_count": 1
        }
      ]
    },
    {
      "name": "OMX.google.g711.alaw.decoder",
      "canonical": "c2.android.g711.alaw.decoder",
      "encoder": false,
      "alias": true,
      "software": true,
      "hardware": false,
      "vendor": false,
      "supported_type": [
        {
          "type": "audio/g711-alaw",
          "supported_secure_playback": false,
          "supported_hdr_editing": false,
          "min_sample_rate": 8000,
          "max_sample_rate": 8000,
          "max_channel_count": 6,
          "min_channel_count": 1
        }
      ]
    },
    {
      "name": "c2.android.g711.mlaw.decoder",
      "canonical": "c2.android.g711.mlaw.decoder",
      "encoder": false,
      "alias": false,
      "software": true,
      "hardware": false,
      "vendor": false,
      "supported_type": [
        {
          "type": "audio/g711-mlaw",
          "supported_secure_playback": false,
          "supported_hdr_editing": false,
          "min_sample_rate": 8000,
          "max_sample_rate": 8000,
          "max_channel_count": 6,
          "min_channel_count": 1
        }
      ]
    },
    {
      "name": "OMX.google.g711.mlaw.decoder",
      "canonical": "c2.android.g711.mlaw.decoder",
      "encoder": false,
      "alias": true,
      "software": true,
      "hardware": false,
      "vendor": false,
      "supported_type": [
        {
          "type": "audio/g711-mlaw",
          "supported_secure_playback": false,
          "supported_hdr_editing": false,
          "min_sample_rate": 8000,
          "max_sample_rate": 8000,
          "max_channel_count": 6,
          "min_channel_count": 1
        }
      ]
    },
    {
      "name": "c2.android.mp3.decoder",
      "canonical": "c2.android.mp3.decoder",
      "encoder": false,
      "alias": false,
      "software": true,
      "hardware": false,
      "vendor": false,
      "supported_type": [
        {
          "type": "audio/mpeg",
          "supported_secure_playback": false,
          "supported_hdr_editing": false,
          "min_sample_rate": 8000,
          "max_sample_rate": 48000,
          "max_channel_count": 2,
          "min_channel_count": 1
        }
      ]
    },
    {
      "name": "OMX.google.mp3.decoder",
      "canonical": "c2.android.mp3.decoder",
      "encoder": false,
      "alias": true,
      "software": true,
      "hardware": false,
      "vendor": false,
      "supported_type": [
        {
          "type": "audio/mpeg",
          "supported_secure_playback": false,
          "supported_hdr_editing": false,
          "min_sample_rate": 8000,
          "max_sample_rate": 48000,
          "max_channel_count": 2,
          "min_channel_count": 1
        }
      ]
    },
    {
      "name": "c2.android.opus.decoder",
      "canonical": "c2.android.opus.decoder",
      "encoder": false,
      "alias": false,
      "software": true,
      "hardware": false,
      "vendor": false,
      "supported_type": [
        {
          "type": "audio/opus",
          "supported_secure_playback": false,
          "supported_hdr_editing": false,
          "min_sample_rate": 8000,
          "max_sample_rate": 48000,
          "max_channel_count": 8,
          "min_channel_count": 1
        }
      ]
    },
    {
      "name": "OMX.google.opus.decoder",
      "canonical": "c2.android.opus.decoder",
      "encoder": false,
      "alias": true,
      "software": true,
      "hardware": false,
      "vendor": false,
      "supported_type": [
        {
          "type": "audio/opus",
          "supported_secure_playback": false,
          "supported_hdr_editing": false,
          "min_sample_rate": 8000,
          "max_sample_rate": 48000,
          "max_channel_count": 8,
          "min_channel_count": 1
        }
      ]
    },
    {
      "name": "c2.android.opus.encoder",
      "canonical": "c2.android.opus.encoder",
      "encoder": true,
      "alias": false,
      "software": true,
      "hardware": false,
      "vendor": false,
      "supported_type": [
        {
          "type": "audio/opus",
          "supported_secure_playback": false,
          "supported_hdr_editing": false,
          "min_sample_rate": 8000,
          "max_sample_rate": 48000,
          "max_channel_count": 2,
          "min_channel_count": 1
        }
      ]
    },
    {
      "name": "c2.android.raw.decoder",
      "canonical": "c2.android.raw.decoder",
      "encoder": false,
      "alias": false,
      "software": true,
      "hardware": false,
      "vendor": false,
      "supported_type": [
        {
          "type": "audio/raw",
          "supported_secure_playback": false,
          "supported_hdr_editing": false,
          "min_sample_rate": 8000,
          "max_sample_rate": 192000,
          "max_channel_count": 12,
          "min_channel_count": 1
        }
      ]
    },
    {
      "name": "OMX.google.raw.decoder",
      "canonical": "c2.android.raw.decoder",
      "encoder": false,
      "alias": true,
      "software": true,
      "hardware": false,
      "vendor": false,
      "supported_type": [
        {
          "type": "audio/raw",
          "supported_secure_playback": false,
          "supported_hdr_editing": false,
          "min_sample_rate": 8000,
          "max_sample_rate": 192000,
          "max_channel_count": 12,
          "min_channel_count": 1
        }
      ]
    },
    {
      "name": "c2.android.vorbis.decoder",
      "canonical": "c2.android.vorbis.decoder",
      "encoder": false,
      "alias": false,
      "software": true,
      "hardware": false,
      "vendor": false,
      "supported_type": [
        {
          "type": "audio/vorbis",
          "supported_secure_playback": false,
          "supported_hdr_editing": false,
          "min_sample_rate": 8000,
          "max_sample_rate": 96000,
          "max_channel_count": 8,
          "min_channel_count": 1
        }
      ]
    },
    {
      "name": "OMX.google.vorbis.decoder",
      "canonical": "c2.android.vorbis.decoder",
      "encoder": false,
      "alias": true,
      "software": true,
      "hardware": false,
      "vendor": false,
      "supported_type": [
        {
          "type": "audio/vorbis",
          "supported_secure_playback": false,
          "supported_hdr_editing": false,
          "min_sample_rate": 8000,
          "max_sample_rate": 96000,
          "max_channel_count": 8,
          "min_channel_count": 1
        }
      ]
    },
    {
      "name": "c2.exynos.h263.decoder",
      "canonical": "c2.exynos.h263.decoder",
      "encoder": false,
      "alias": false,
      "software": false,
      "hardware": true,
      "vendor": true,
      "supported_type": [
        {
          "type": "video/3gpp",
          "codec_profile_level": [
            {
              "level": 128,
              "profile": 1
            },
            {
              "level": 8,
              "profile": 1
            },
            {
              "level": 128,
              "profile": 2
            },
            {
              "level": 8,
              "profile": 2
            },
            {
              "level": 128,
              "profile": 4
            },
            {
              "level": 8,
              "profile": 4
            },
            {
              "level": 128,
              "profile": 8
            },
            {
              "level": 8,
              "profile": 8
            }
          ],
          "codec_color_format": [
            2130708361,
            2135033992,
            19,
            21,
            20,
            39
          ],
          "supported_secure_playback": false,
          "supported_hdr_editing": false,
          "supported_resolutions": {
            "supported_360p_30fps": true,
            "supported_480p_30fps": true,
            "supported_720p_30fps": false,
            "supported_1080p_30fps": false,
            "supported_2k_30fps": false,
            "supported_4k_30fps": false,
            "supported_8k_30fps": false,
            "supported_360p_60fps": true,
            "supported_480p_60fps": true,
            "supported_720p_60fps": false,
            "supported_1080p_60fps": false,
            "supported_2k_60fps": false,
            "supported_4k_60fps": false,
            "supported_8k_60fps": false
          },
          "width_alignment": 4,
          "height_alignment": 4,
          "min_pixel_count": 1024,
          "max_pixel_count": 414720
        }
      ]
    },
    {
      "name": "c2.exynos.h263.encoder",
      "canonical": "c2.exynos.h263.encoder",
      "encoder": true,
      "alias": false,
      "software": false,
      "hardware": true,
      "vendor": true,
      "supported_type": [
        {
          "type": "video/3gpp",
          "codec_profile_level": [
            {
              "level": 128,
              "profile": 1
            }
          ],
          "codec_color_format": [
            2130708361,
            2135033992,
            19,
            21,
            20,
            39
          ],
          "supported_secure_playback": false,
          "supported_hdr_editing": false,
          "supported_resolutions": {
            "supported_360p_30fps": true,
            "supported_480p_30fps": true,
            "supported_720p_30fps": false,
            "supported_1080p_30fps": false,
            "supported_2k_30fps": false,
            "supported_4k_30fps": false,
            "supported_8k_30fps": false,
            "supported_360p_60fps": true,
            "supported_480p_60fps": true,
            "supported_720p_60fps": false,
            "supported_1080p_60fps": false,
            "supported_2k_60fps": false,
            "supported_4k_60fps": false,
            "supported_8k_60fps": false
          },
          "width_alignment": 4,
          "height_alignment": 4,
          "min_pixel_count": 1024,
          "max_pixel_count": 414720
        }
      ]
    },
    {
      "name": "c2.exynos.h264.decoder",
      "canonical": "c2.exynos.h264.decoder",
      "encoder": false,
      "alias": false,
      "software": false,
      "hardware": true,
      "vendor": true,
      "supported_type": [
        {
          "type": "video/avc",
          "codec_profile_level": [
            {
              "level": 65536,
              "profile": 65536
            },
            {
              "level": 65536,
              "profile": 1
            },
            {
              "level": 65536,
              "profile": 2
            },
            {
              "level": 65536,
              "profile": 524288
            },
            {
              "level": 65536,
              "profile": 8
            }
          ],
          "codec_color_format": [
            2130708361,
            2135033992,
            19,
            21,
            20,
            39
          ],
          "supported_secure_playback": false,
          "supported_hdr_editing": false,
          "supported_resolutions": {
            "supported_360p_30fps": true,
            "supported_480p_30fps": true,
            "supported_720p_30fps": true,
            "supported_1080p_30fps": true,
            "supported_2k_30fps": true,
            "supported_4k_30fps": true,
            "supported_8k_30fps": false,
            "supported_360p_60fps": true,
            "supported_480p_60fps": true,
            "supported_720p_60fps": true,
            "supported_1080p_60fps": true,
            "supported_2k_60fps": true,
            "supported_4k_60fps": true,
            "supported_8k_60fps": false
          },
          "width_alignment": 2,
          "height_alignment": 2,
          "min_pixel_count": 1024,
          "max_pixel_count": 8294400
        }
      ]
    },
    {
      "name": "c2.exynos.h264.decoder.secure",
      "canonical": "c2.exynos.h264.decoder.secure",
      "encoder": false,
      "alias": false,
      "software": false,
      "hardware": true,
      "vendor": true,
      "supported_type": [
        {
          "type": "video/avc",
          "codec_profile_level": [
            {
              "level": 65536,
              "profile": 65536
            },
            {
              "level": 65536,
              "profile": 1
            },
            {
              "level": 65536,
              "profile": 2
            },
            {
              "level": 65536,
              "profile": 524288
            },
            {
              "level": 65536,
              "profile": 8
            }
          ],
          "codec_color_format": [
            2130708361,
            2135033992,
            19,
            21,
            20,
            39
          ],
          "supported_secure_playback": true,
          "supported_hdr_editing": false,
          "supported_resolutions": {
            "supported_360p_30fps": true,
            "supported_480p_30fps": true,
            "supported_720p_30fps": true,
            "supported_1080p_30fps": true,
            "supported_2k_30fps": true,
            "supported_4k_30fps": true,
            "supported_8k_30fps": false,
            "supported_360p_60fps": true,
            "supported_480p_60fps": true,
            "supported_720p_60fps": true,
            "supported_1080p_60fps": true,
            "supported_2k_60fps": true,
            "supported_4k_60fps": true,
            "supported_8k_60fps": false
          },
          "width_alignment": 2,
          "height_alignment": 2,
          "min_pixel_count": 1024,
          "max_pixel_count": 8294400
        }
      ]
    },
    {
      "name": "c2.exynos.h264.encoder",
      "canonical": "c2.exynos.h264.encoder",
      "encoder": true,
      "alias": false,
      "software": false,
      "hardware": true,
      "vendor": true,
      "supported_type": [
        {
          "type": "video/avc",
          "codec_profile_level": [
            {
              "level": 65536,
              "profile": 65536
            },
            {
              "level": 65536,
              "profile": 1
            },
            {
              "level": 65536,
              "profile": 2
            },
            {
              "level": 65536,
              "profile": 524288
            },
            {
              "level": 65536,
              "profile": 8
            }
          ],
          "codec_color_format": [
            2130708361,
            2135033992,
            19,
            21,
            20,
            39
          ],
          "supported_secure_playback": false,
          "supported_hdr_editing": false,
          "supported_resolutions": {
            "supported_360p_30fps": true,
            "supported_480p_30fps": true,
            "supported_720p_30fps": true,
            "supported_1080p_30fps": true,
            "supported_2k_30fps": true,
            "supported_4k_30fps": true,
            "supported_8k_30fps": false,
            "supported_360p_60fps": true,
            "supported_480p_60fps": true,
            "supported_720p_60fps": true,
            "supported_1080p_60fps": true,
            "supported_2k_60fps": true,
            "supported_4k_60fps": true,
            "supported_8k_60fps": false
          },
          "width_alignment": 2,
          "height_alignment": 2,
          "min_pixel_count": 1024,
          "max_pixel_count": 8294400
        }
      ]
    },
    {
      "name": "c2.exynos.hevc.decoder",
      "canonical": "c2.exynos.hevc.decoder",
      "encoder": false,
      "alias": false,
      "software": false,
      "hardware": true,
      "vendor": true,
      "supported_type": [
        {
          "type": "video/hevc",
          "codec_profile_level": [
            {
              "level": 8388608,
              "profile": 1
            },
            {
              "level": 8388608,
              "profile": 2
            },
            {
              "level": 8388608,
              "profile": 4096
            },
            {
              "level": 8388608,
              "profile": 8192
            }
          ],
          "codec_color_format": [
            2130708361,
            2135033992,
            19,
            21,
            20,
            39,
            54
          ],
          "supported_secure_playback": false,
          "supported_hdr_editing": false,
          "supported_resolutions": {
            "supported_360p_30fps": true,
            "supported_480p_30fps": true,
            "supported_720p_30fps": true,
            "supported_1080p_30fps": true,
            "supported_2k_30fps": true,
            "supported_4k_30fps": true,
            "supported_8k_30fps": false,
            "supported_360p_60fps": true,
            "supported_480p_60fps": true,
            "supported_720p_60fps": true,
            "supported_1080p_60fps": true,
            "supported_2k_60fps": true,
            "supported_4k_60fps": true,
            "supported_8k_60fps": false
          },
          "width_alignment": 2,
          "height_alignment": 2,
          "min_pixel_count": 4096,
          "max_pixel_count": 8355840
        }
      ]
    },
    {
      "name": "c2.exynos.hevc.decoder.secure",
      "canonical": "c2.exynos.hevc.decoder.secure",
      "encoder": false,
      "alias": false,
      "software": false,
      "hardware": true,
      "vendor": true,
      "supported_type": [
        {
          "type": "video/hevc",
          "codec_profile_level": [
            {
              "level": 8388608,
              "profile": 1
            },
            {
              "level": 8388608,
              "profile": 2
            },
            {
              "level": 8388608,
              "profile": 4096
            },
            {
              "level": 8388608,
              "profile": 8192
            }
          ],
          "codec_color_format": [
            2130708361,
            2135033992,
            19,
            21,
            20,
            39
          ],
          "supported_secure_playback": true,
          "supported_hdr_editing": false,
          "supported_resolutions": {
            "supported_360p_30fps": true,
            "supported_480p_30fps": true,
            "supported_720p_30fps": true,
            "supported_1080p_30fps": true,
            "supported_2k_30fps": true,
            "supported_4k_30fps": true,
            "supported_8k_30fps": false,
            "supported_360p_60fps": true,
            "supported_480p_60fps": true,
            "supported_720p_60fps": true,
            "supported_1080p_60fps": true,
            "supported_2k_60fps": true,
            "supported_4k_60fps": true,
            "supported_8k_60fps": false
          },
          "width_alignment": 2,
          "height_alignment": 2,
          "min_pixel_count": 4096,
          "max_pixel_count": 8294400
        }
      ]
    },
    {
      "name": "c2.exynos.hevc.encoder",
      "canonical": "c2.exynos.hevc.encoder",
      "encoder": true,
      "alias": false,
      "software": false,
      "hardware": true,
      "vendor": true,
      "supported_type": [
        {
          "type": "video/hevc",
          "codec_profile_level": [
            {
              "level": 2097152,
              "profile": 1
            },
            {
              "level": 2097152,
              "profile": 2
            },
            {
              "level": 2097152,
              "profile": 4096
            },
            {
              "level": 2097152,
              "profile": 8192
            }
          ],
          "codec_color_format": [
            2130708361,
            2135033992,
            19,
            21,
            20,
            39,
            54,
            2130750114
          ],
          "supported_secure_playback": false,
          "supported_hdr_editing": true,
          "supported_resolutions": {
            "supported_360p_30fps": true,
            "supported_480p_30fps": true,
            "supported_720p_30fps": true,
            "supported_1080p_30fps": true,
            "supported_2k_30fps": true,
            "supported_4k_30fps": true,
            "supported_8k_30fps": false,
            "supported_360p_60fps": true,
            "supported_480p_60fps": true,
            "supported_720p_60fps": true,
            "supported_1080p_60fps": true,
            "supported_2k_60fps": true,
            "supported_4k_60fps": true,
            "supported_8k_60fps": false
          },
          "width_alignment": 2,
          "height_alignment": 2,
          "min_pixel_count": 4096,
          "max_pixel_count": 8355840
        }
      ]
    },
    {
      "name": "c2.exynos.mpeg4.decoder",
      "canonical": "c2.exynos.mpeg4.decoder",
      "encoder": false,
      "alias": false,
      "software": false,
      "hardware": true,
      "vendor": true,
      "supported_type": [
        {
          "type": "video/mp4v-es",
          "codec_profile_level": [
            {
              "level": 128,
              "profile": 1
            },
            {
              "level": 128,
              "profile": 32768
            }
          ],
          "codec_color_format": [
            2130708361,
            2135033992,
            19,
            21,
            20,
            39
          ],
          "supported_secure_playback": false,
          "supported_hdr_editing": false,
          "supported_resolutions": {
            "supported_360p_30fps": true,
            "supported_480p_30fps": true,
            "supported_720p_30fps": false,
            "supported_1080p_30fps": false,
            "supported_2k_30fps": false,
            "supported_4k_30fps": false,
            "supported_8k_30fps": false,
            "supported_360p_60fps": false,
            "supported_480p_60fps": false,
            "supported_720p_60fps": false,
            "supported_1080p_60fps": false,
            "supported_2k_60fps": false,
            "supported_4k_60fps": false,
            "supported_8k_60fps": false
          },
          "width_alignment": 2,
          "height_alignment": 2,
          "min_pixel_count": 1024,
          "max_pixel_count": 401408
        }
      ]
    },
    {
      "name": "c2.exynos.mpeg4.encoder",
      "canonical": "c2.exynos.mpeg4.encoder",
      "encoder": true,
      "alias": false,
      "software": false,
      "hardware": true,
      "vendor": true,
      "supported_type": [
        {
          "type": "video/mp4v-es",
          "codec_profile_level": [
            {
              "level": 128,
              "profile": 1
            },
            {
              "level": 128,
              "profile": 32768
            }
          ],
          "codec_color_format": [
            2130708361,
            2135033992,
            19,
            21,
            20,
            39
          ],
          "supported_secure_playback": false,
          "supported_hdr_editing": false,
          "supported_resolutions": {
            "supported_360p_30fps": true,
            "supported_480p_30fps": true,
            "supported_720p_30fps": false,
            "supported_1080p_30fps": false,
            "supported_2k_30fps": false,
            "supported_4k_30fps": false,
            "supported_8k_30fps": false,
            "supported_360p_60fps": false,
            "supported_480p_60fps": false,
            "supported_720p_60fps": false,
            "supported_1080p_60fps": false,
            "supported_2k_60fps": false,
            "supported_4k_60fps": false,
            "supported_8k_60fps": false
          },
          "width_alignment": 2,
          "height_alignment": 2,
          "min_pixel_count": 1024,
          "max_pixel_count": 401408
        }
      ]
    },
    {
      "name": "c2.exynos.vp8.decoder",
      "canonical": "c2.exynos.vp8.decoder",
      "encoder": false,
      "alias": false,
      "software": false,
      "hardware": true,
      "vendor": true,
      "supported_type": [
        {
          "type": "video/x-vnd.on2.vp8",
          "codec_profile_level": [
            {
              "level": 1,
              "profile": 1
            }
          ],
          "codec_color_format": [
            2130708361,
            2135033992,
            19,
            21,
            20,
            39
          ],
          "supported_secure_playback": false,
          "supported_hdr_editing": false,
          "supported_resolutions": {
            "supported_360p_30fps": true,
            "supported_480p_30fps": true,
            "supported_720p_30fps": true,
            "supported_1080p_30fps": true,
            "supported_2k_30fps": true,
            "supported_4k_30fps": true,
            "supported_8k_30fps": false,
            "supported_360p_60fps": true,
            "supported_480p_60fps": true,
            "supported_720p_60fps": true,
            "supported_1080p_60fps": true,
            "supported_2k_60fps": true,
            "supported_4k_60fps": true,
            "supported_8k_60fps": false
          },
          "width_alignment": 2,
          "height_alignment": 2,
          "min_pixel_count": 1024,
          "max_pixel_count": 8294400
        }
      ]
    },
    {
      "name": "c2.exynos.vp8.encoder",
      "canonical": "c2.exynos.vp8.encoder",
      "encoder": true,
      "alias": false,
      "software": false,
      "hardware": true,
      "vendor": true,
      "supported_type": [
        {
          "type": "video/x-vnd.on2.vp8",
          "codec_profile_level": [
            {
              "level": 1,
              "profile": 1
            }
          ],
          "codec_color_format": [
            2130708361,
            2135033992,
            19,
            21,
            20,
            39
          ],
          "supported_secure_playback": false,
          "supported_hdr_editing": false,
          "supported_resolutions": {
            "supported_360p_30fps": true,
            "supported_480p_30fps": true,
            "supported_720p_30fps": true,
            "supported_1080p_30fps": true,
            "supported_2k_30fps": true,
            "supported_4k_30fps": true,
            "supported_8k_30fps": false,
            "supported_360p_60fps": true,
            "supported_480p_60fps": true,
            "supported_720p_60fps": true,
            "supported_1080p_60fps": true,
            "supported_2k_60fps": true,
            "supported_4k_60fps": true,
            "supported_8k_60fps": false
          },
          "width_alignment": 2,
          "height_alignment": 2,
          "min_pixel_count": 1024,
          "max_pixel_count": 8294400
        }
      ]
    },
    {
      "name": "c2.exynos.vp9.decoder",
      "canonical": "c2.exynos.vp9.decoder",
      "encoder": false,
      "alias": false,
      "software": false,
      "hardware": true,
      "vendor": true,
      "supported_type": [
        {
          "type": "video/x-vnd.on2.vp9",
          "codec_profile_level": [
            {
              "level": 512,
              "profile": 1
            },
            {
              "level": 512,
              "profile": 4
            },
            {
              "level": 512,
              "profile": 4096
            },
            {
              "level": 512,
              "profile": 16384
            }
          ],
          "codec_color_format": [
            2130708361,
            2135033992,
            19,
            21,
            20,
            39,
            54
          ],
          "supported_secure_playback": false,
          "supported_hdr_editing": false,
          "supported_resolutions": {
            "supported_360p_30fps": true,
            "supported_480p_30fps": true,
            "supported_720p_30fps": true,
            "supported_1080p_30fps": true,
            "supported_2k_30fps": true,
            "supported_4k_30fps": true,
            "supported_8k_30fps": false,
            "supported_360p_60fps": true,
            "supported_480p_60fps": true,
            "supported_720p_60fps": true,
            "supported_1080p_60fps": true,
            "supported_2k_60fps": true,
            "supported_4k_60fps": true,
            "supported_8k_60fps": false
          },
          "width_alignment": 2,
          "height_alignment": 2,
          "min_pixel_count": 4096,
          "max_pixel_count": 8355840
        }
      ]
    },
    {
      "name": "c2.exynos.vp9.decoder.secure",
      "canonical": "c2.exynos.vp9.decoder.secure",
      "encoder": false,
      "alias": false,
      "software": false,
      "hardware": true,
      "vendor": true,
      "supported_type": [
        {
          "type": "video/x-vnd.on2.vp9",
          "codec_profile_level": [
            {
              "level": 512,
              "profile": 1
            },
            {
              "level": 512,
              "profile": 4
            },
            {
              "level": 512,
              "profile": 4096
            },
            {
              "level": 512,
              "profile": 16384
            }
          ],
          "codec_color_format": [
            2130708361,
            2135033992,
            19,
            21,
            20,
            39
          ],
          "supported_secure_playback": true,
          "supported_hdr_editing": false,
          "supported_resolutions": {
            "supported_360p_30fps": true,
            "supported_480p_30fps": true,
            "supported_720p_30fps": true,
            "supported_1080p_30fps": true,
            "supported_2k_30fps": true,
            "supported_4k_30fps": true,
            "supported_8k_30fps": false,
            "supported_360p_60fps": true,
            "supported_480p_60fps": true,
            "supported_720p_60fps": true,
            "supported_1080p_60fps": true,
            "supported_2k_60fps": true,
            "supported_4k_60fps": true,
            "supported_8k_60fps": false
          },
          "width_alignment": 2,
          "height_alignment": 2,
          "min_pixel_count": 4096,
          "max_pixel_count": 8355840
        }
      ]
    },
    {
      "name": "c2.exynos.vp9.encoder",
      "canonical": "c2.exynos.vp9.encoder",
      "encoder": true,
      "alias": false,
      "software": false,
      "hardware": true,
      "vendor": true,
      "supported_type": [
        {
          "type": "video/x-vnd.on2.vp9",
          "codec_profile_level": [
            {
              "level": 512,
              "profile": 1
            },
            {
              "level": 512,
              "profile": 4
            },
            {
              "level": 512,
              "profile": 4096
            },
            {
              "level": 512,
              "profile": 16384
            }
          ],
          "codec_color_format": [
            2130708361,
            2135033992,
            19,
            21,
            20,
            39,
            54,
            2130750114
          ],
          "supported_secure_playback": false,
          "supported_hdr_editing": false,
          "supported_resolutions": {
            "supported_360p_30fps": true,
            "supported_480p_30fps": true,
            "supported_720p_30fps": true,
            "supported_1080p_30fps": true,
            "supported_2k_30fps": true,
            "supported_4k_30fps": true,
            "supported_8k_30fps": false,
            "supported_360p_60fps": true,
            "supported_480p_60fps": true,
            "supported_720p_60fps": true,
            "supported_1080p_60fps": true,
            "supported_2k_60fps": true,
            "supported_4k_60fps": true,
            "supported_8k_60fps": false
          },
          "width_alignment": 2,
          "height_alignment": 2,
          "min_pixel_count": 4096,
          "max_pixel_count": 8355840
        }
      ]
    },
    {
      "name": "c2.android.av1.decoder",
      "canonical": "c2.android.av1.decoder",
      "encoder": false,
      "alias": false,
      "software": true,
      "hardware": false,
      "vendor": false,
      "supported_type": [
        {
          "type": "video/av01",
          "codec_profile_level": [
            {
              "level": 32768,
              "profile": 1
            },
            {
              "level": 32768,
              "profile": 4096
            },
            {
              "level": 32768,
              "profile": 8192
            },
            {
              "level": 32768,
              "profile": 2
            }
          ],
          "codec_color_format": [
            2135033992,
            19,
            21,
            20,
            39,
            2130708361,
            54
          ],
          "supported_secure_playback": false,
          "supported_hdr_editing": false,
          "supported_resolutions": {
            "supported_360p_30fps": true,
            "supported_480p_30fps": true,
            "supported_720p_30fps": true,
            "supported_1080p_30fps": true,
            "supported_2k_30fps": false,
            "supported_4k_30fps": false,
            "supported_8k_30fps": false,
            "supported_360p_60fps": true,
            "supported_480p_60fps": true,
            "supported_720p_60fps": true,
            "supported_1080p_60fps": false,
            "supported_2k_60fps": false,
            "supported_4k_60fps": false,
            "supported_8k_60fps": false
          },
          "width_alignment": 2,
          "height_alignment": 2,
          "min_pixel_count": 4,
          "max_pixel_count": 2097152
        }
      ]
    },
    {
      "name": "c2.android.av1.encoder",
      "canonical": "c2.android.av1.encoder",
      "encoder": true,
      "alias": false,
      "software": true,
      "hardware": false,
      "vendor": false,
      "supported_type": [
        {
          "type": "video/av01",
          "codec_profile_level": [
            {
              "level": 512,
              "profile": 1
            },
            {
              "level": 512,
              "profile": 2
            }
          ],
          "codec_color_format": [
            2135033992,
            19,
            21,
            20,
            39,
            2130708361,
            54
          ],
          "supported_secure_playback": false,
          "supported_hdr_editing": false,
          "supported_resolutions": {
            "supported_360p_30fps": true,
            "supported_480p_30fps": true,
            "supported_720p_30fps": true,
            "supported_1080p_30fps": false,
            "supported_2k_30fps": false,
            "supported_4k_30fps": false,
            "supported_8k_30fps": false,
            "supported_360p_60fps": true,
            "supported_480p_60fps": true,
            "supported_720p_60fps": true,
            "supported_1080p_60fps": false,
            "supported_2k_60fps": false,
            "supported_4k_60fps": false,
            "supported_8k_60fps": false
          },
          "width_alignment": 2,
          "height_alignment": 2,
          "min_pixel_count": 4,
          "max_pixel_count": 2058240
        }
      ]
    },
    {
      "name": "c2.android.avc.decoder",
      "canonical": "c2.android.avc.decoder",
      "encoder": false,
      "alias": false,
      "software": true,
      "hardware": false,
      "vendor": false,
      "supported_type": [
        {
          "type": "video/avc",
          "codec_profile_level": [
            {
              "level": 65536,
              "profile": 65536
            },
            {
              "level": 65536,
              "profile": 1
            },
            {
              "level": 65536,
              "profile": 2
            },
            {
              "level": 65536,
              "profile": 524288
            },
            {
              "level": 65536,
              "profile": 8
            }
          ],
          "codec_color_format": [
            2135033992,
            19,
            21,
            20,
            39,
            2130708361
          ],
          "supported_secure_playback": false,
          "supported_hdr_editing": false,
          "supported_resolutions": {
            "supported_360p_30fps": true,
            "supported_480p_30fps": true,
            "supported_720p_30fps": true,
            "supported_1080p_30fps": true,
            "supported_2k_30fps": true,
            "supported_4k_30fps": true,
            "supported_8k_30fps": false,
            "supported_360p_60fps": true,
            "supported_480p_60fps": true,
            "supported_720p_60fps": true,
            "supported_1080p_60fps": true,
            "supported_2k_60fps": true,
            "supported_4k_60fps": true,
            "supported_8k_60fps": false
          },
          "width_alignment": 2,
          "height_alignment": 2,
          "min_pixel_count": 4,
          "max_pixel_count": 8355840
        }
      ]
    },
    {
      "name": "OMX.google.h264.decoder",
      "canonical": "c2.android.avc.decoder",
      "encoder": false,
      "alias": true,
      "software": true,
      "hardware": false,
      "vendor": false,
      "supported_type": [
        {
          "type": "video/avc",
          "codec_profile_level": [
            {
              "level": 65536,
              "profile": 65536
            },
            {
              "level": 65536,
              "profile": 1
            },
            {
              "level": 65536,
              "profile": 2
            },
            {
              "level": 65536,
              "profile": 524288
            },
            {
              "level": 65536,
              "profile": 8
            }
          ],
          "codec_color_format": [
            2135033992,
            19,
            21,
            20,
            39,
            2130708361
          ],
          "supported_secure_playback": false,
          "supported_hdr_editing": false,
          "supported_resolutions": {
            "supported_360p_30fps": true,
            "supported_480p_30fps": true,
            "supported_720p_30fps": true,
            "supported_1080p_30fps": true,
            "supported_2k_30fps": true,
            "supported_4k_30fps": true,
            "supported_8k_30fps": false,
            "supported_360p_60fps": true,
            "supported_480p_60fps": true,
            "supported_720p_60fps": true,
            "supported_1080p_60fps": true,
            "supported_2k_60fps": true,
            "supported_4k_60fps": true,
            "supported_8k_60fps": false
          },
          "width_alignment": 2,
          "height_alignment": 2,
          "min_pixel_count": 4,
          "max_pixel_count": 8355840
        }
      ]
    },
    {
      "name": "c2.android.avc.encoder",
      "canonical": "c2.android.avc.encoder",
      "encoder": true,
      "alias": false,
      "software": true,
      "hardware": false,
      "vendor": false,
      "supported_type": [
        {
          "type": "video/avc",
          "codec_profile_level": [
            {
              "level": 16384,
              "profile": 1
            },
            {
              "level": 16384,
              "profile": 65536
            },
            {
              "level": 16384,
              "profile": 2
            }
          ],
          "codec_color_format": [
            2135033992,
            19,
            21,
            20,
            39,
            2130708361
          ],
          "supported_secure_playback": false,
          "supported_hdr_editing": false,
          "supported_resolutions": {
            "supported_360p_30fps": true,
            "supported_480p_30fps": true,
            "supported_720p_30fps": true,
            "supported_1080p_30fps": true,
            "supported_2k_30fps": false,
            "supported_4k_30fps": false,
            "supported_8k_30fps": false,
            "supported_360p_60fps": true,
            "supported_480p_60fps": true,
            "supported_720p_60fps": true,
            "supported_1080p_60fps": false,
            "supported_2k_60fps": false,
            "supported_4k_60fps": false,
            "supported_8k_60fps": false
          },
          "width_alignment": 2,
          "height_alignment": 2,
          "min_pixel_count": 256,
          "max_pixel_count": 2097152
        }
      ]
    },
    {
      "name": "OMX.google.h264.encoder",
      "canonical": "c2.android.avc.encoder",
      "encoder": true,
      "alias": true,
      "software": true,
      "hardware": false,
      "vendor": false,
      "supported_type": [
        {
          "type": "video/avc",
          "codec_profile_level": [
            {
              "level": 16384,
              "profile": 1
            },
            {
              "level": 16384,
              "profile": 65536
            },
            {
              "level": 16384,
              "profile": 2
            }
          ],
          "codec_color_format": [
            2135033992,
            19,
            21,
            20,
            39,
            2130708361
          ],
          "supported_secure_playback": false,
          "supported_hdr_editing": false,
          "supported_resolutions": {
            "supported_360p_30fps": true,
            "supported_480p_30fps": true,
            "supported_720p_30fps": true,
            "supported_1080p_30fps": true,
            "supported_2k_30fps": false,
            "supported_4k_30fps": false,
            "supported_8k_30fps": false,
            "supported_360p_60fps": true,
            "supported_480p_60fps": true,
            "supported_720p_60fps": true,
            "supported_1080p_60fps": false,
            "supported_2k_60fps": false,
            "supported_4k_60fps": false,
            "supported_8k_60fps": false
          },
          "width_alignment": 2,
          "height_alignment": 2,
          "min_pixel_count": 256,
          "max_pixel_count": 2097152
        }
      ]
    },
    {
      "name": "c2.android.h263.decoder",
      "canonical": "c2.android.h263.decoder",
      "encoder": false,
      "alias": false,
      "software": true,
      "hardware": false,
      "vendor": false,
      "supported_type": [
        {
          "type": "video/3gpp",
          "codec_profile_level": [
            {
              "level": 16,
              "profile": 1
            },
            {
              "level": 8,
              "profile": 1
            },
            {
              "level": 16,
              "profile": 8
            },
            {
              "level": 8,
              "profile": 8
            }
          ],
          "codec_color_format": [
            2135033992,
            19,
            21,
            20,
            39,
            2130708361
          ],
          "supported_secure_playback": false,
          "supported_hdr_editing": false,
          "supported_resolutions": {
            "supported_360p_30fps": false,
            "supported_480p_30fps": false,
            "supported_720p_30fps": false,
            "supported_1080p_30fps": false,
            "supported_2k_30fps": false,
            "supported_4k_30fps": false,
            "supported_8k_30fps": false,
            "supported_360p_60fps": false,
            "supported_480p_60fps": false,
            "supported_720p_60fps": false,
            "supported_1080p_60fps": false,
            "supported_2k_60fps": false,
            "supported_4k_60fps": false,
            "supported_8k_60fps": false
          },
          "width_alignment": 4,
          "height_alignment": 4,
          "min_pixel_count": 16,
          "max_pixel_count": 101376
        }
      ]
    },
    {
      "name": "OMX.google.h263.decoder",
      "canonical": "c2.android.h263.decoder",
      "encoder": false,
      "alias": true,
      "software": true,
      "hardware": false,
      "vendor": false,
      "supported_type": [
        {
          "type": "video/3gpp",
          "codec_profile_level": [
            {
              "level": 16,
              "profile": 1
            },
            {
              "level": 8,
              "profile": 1
            },
            {
              "level": 16,
              "profile": 8
            },
            {
              "level": 8,
              "profile": 8
            }
          ],
          "codec_color_format": [
            2135033992,
            19,
            21,
            20,
            39,
            2130708361
          ],
          "supported_secure_playback": false,
          "supported_hdr_editing": false,
          "supported_resolutions": {
            "supported_360p_30fps": false,
            "supported_480p_30fps": false,
            "supported_720p_30fps": false,
            "supported_1080p_30fps": false,
            "supported_2k_30fps": false,
            "supported_4k_30fps": false,
            "supported_8k_30fps": false,
            "supported_360p_60fps": false,
            "supported_480p_60fps": false,
            "supported_720p_60fps": false,
            "supported_1080p_60fps": false,
            "supported_2k_60fps": false,
            "supported_4k_60fps": false,
            "supported_8k_60fps": false
          },
          "width_alignment": 4,
          "height_alignment": 4,
          "min_pixel_count": 16,
          "max_pixel_count": 101376
        }
      ]
    },
    {
      "name": "c2.android.h263.encoder",
      "canonical": "c2.android.h263.encoder",
      "encoder": true,
      "alias": false,
      "software": true,
      "hardware": false,
      "vendor": false,
      "supported_type": [
        {
          "type": "video/3gpp",
          "codec_profile_level": [
            {
              "level": 16,
              "profile": 1
            },
            {
              "level": 8,
              "profile": 1
            }
          ],
          "codec_color_format": [
            2135033992,
            19,
            21,
            20,
            39,
            2130708361
          ],
          "supported_secure_playback": false,
          "supported_hdr_editing": false,
          "supported_resolutions": {
            "supported_360p_30fps": false,
            "supported_480p_30fps": false,
            "supported_720p_30fps": false,
            "supported_1080p_30fps": false,
            "supported_2k_30fps": false,
            "supported_4k_30fps": false,
            "supported_8k_30fps": false,
            "supported_360p_60fps": false,
            "supported_480p_60fps": false,
            "supported_720p_60fps": false,
            "supported_1080p_60fps": false,
            "supported_2k_60fps": false,
            "supported_4k_60fps": false,
            "supported_8k_60fps": false
          },
          "width_alignment": 16,
          "height_alignment": 16,
          "min_pixel_count": 25344,
          "max_pixel_count": 25344
        }
      ]
    },
    {
      "name": "OMX.google.h263.encoder",
      "canonical": "c2.android.h263.encoder",
      "encoder": true,
      "alias": true,
      "software": true,
      "hardware": false,
      "vendor": false,
      "supported_type": [
        {
          "type": "video/3gpp",
          "codec_profile_level": [
            {
              "level": 16,
              "profile": 1
            },
            {
              "level": 8,
              "profile": 1
            }
          ],
          "codec_color_format": [
            2135033992,
            19,
            21,
            20,
            39,
            2130708361
          ],
          "supported_secure_playback": false,
          "supported_hdr_editing": false,
          "supported_resolutions": {
            "supported_360p_30fps": false,
            "supported_480p_30fps": false,
            "supported_720p_30fps": false,
            "supported_1080p_30fps": false,
            "supported_2k_30fps": false,
            "supported_4k_30fps": false,
            "supported_8k_30fps": false,
            "supported_360p_60fps": false,
            "supported_480p_60fps": false,
            "supported_720p_60fps": false,
            "supported_1080p_60fps": false,
            "supported_2k_60fps": false,
            "supported_4k_60fps": false,
            "supported_8k_60fps": false
          },
          "width_alignment": 16,
          "height_alignment": 16,
          "min_pixel_count": 25344,
          "max_pixel_count": 25344
        }
      ]
    },
    {
      "name": "c2.android.hevc.decoder",
      "canonical": "c2.android.hevc.decoder",
      "encoder": false,
      "alias": false,
      "software": true,
      "hardware": false,
      "vendor": false,
      "supported_type": [
        {
          "type": "video/hevc",
          "codec_profile_level": [
            {
              "level": 524288,
              "profile": 1
            },
            {
              "level": 524288,
              "profile": 4
            }
          ],
          "codec_color_format": [
            2135033992,
            19,
            21,
            20,
            39,
            2130708361
          ],
          "supported_secure_playback": false,
          "supported_hdr_editing": false,
          "supported_resolutions": {
            "supported_360p_30fps": true,
            "supported_480p_30fps": true,
            "supported_720p_30fps": true,
            "supported_1080p_30fps": true,
            "supported_2k_30fps": true,
            "supported_4k_30fps": false,
            "supported_8k_30fps": false,
            "supported_360p_60fps": true,
            "supported_480p_60fps": true,
            "supported_720p_60fps": true,
            "supported_1080p_60fps": true,
            "supported_2k_60fps": false,
            "supported_4k_60fps": false,
            "supported_8k_60fps": false
          },
          "width_alignment": 2,
          "height_alignment": 2,
          "min_pixel_count": 4,
          "max_pixel_count": 8912896
        }
      ]
    },
    {
      "name": "OMX.google.hevc.decoder",
      "canonical": "c2.android.hevc.decoder",
      "encoder": false,
      "alias": true,
      "software": true,
      "hardware": false,
      "vendor": false,
      "supported_type": [
        {
          "type": "video/hevc",
          "codec_profile_level": [
            {
              "level": 524288,
              "profile": 1
            },
            {
              "level": 524288,
              "profile": 4
            }
          ],
          "codec_color_format": [
            2135033992,
            19,
            21,
            20,
            39,
            2130708361
          ],
          "supported_secure_playback": false,
          "supported_hdr_editing": false,
          "supported_resolutions": {
            "supported_360p_30fps": true,
            "supported_480p_30fps": true,
            "supported_720p_30fps": true,
            "supported_1080p_30fps": true,
            "supported_2k_30fps": true,
            "supported_4k_30fps": false,
            "supported_8k_30fps": false,
            "supported_360p_60fps": true,
            "supported_480p_60fps": true,
            "supported_720p_60fps": true,
            "supported_1080p_60fps": true,
            "supported_2k_60fps": false,
            "supported_4k_60fps": false,
            "supported_8k_60fps": false
          },
          "width_alignment": 2,
          "height_alignment": 2,
          "min_pixel_count": 4,
          "max_pixel_count": 8912896
        }
      ]
    },
    {
      "name": "c2.android.hevc.encoder",
      "canonical": "c2.android.hevc.encoder",
      "encoder": true,
      "alias": false,
      "software": true,
      "hardware": false,
      "vendor": false,
      "supported_type": [
        {
          "type": "video/hevc",
          "codec_profile_level": [
            {
              "level": 262144,
              "profile": 1
            },
            {
              "level": 262144,
              "profile": 4
            }
          ],
          "codec_color_format": [
            2135033992,
            19,
            21,
            20,
            39,
            2130708361
          ],
          "supported_secure_playback": false,
          "supported_hdr_editing": false,
          "supported_resolutions": {
            "supported_360p_30fps": false,
            "supported_480p_30fps": false,
            "supported_720p_30fps": false,
            "supported_1080p_30fps": false,
            "supported_2k_30fps": false,
            "supported_4k_30fps": false,
            "supported_8k_30fps": false,
            "supported_360p_60fps": false,
            "supported_480p_60fps": false,
            "supported_720p_60fps": false,
            "supported_1080p_60fps": false,
            "supported_2k_60fps": false,
            "supported_4k_60fps": false,
            "supported_8k_60fps": false
          },
          "width_alignment": 2,
          "height_alignment": 2,
          "min_pixel_count": 4,
          "max_pixel_count": 262144
        }
      ]
    },
    {
      "name": "c2.android.mpeg4.decoder",
      "canonical": "c2.android.mpeg4.decoder",
      "encoder": false,
      "alias": false,
      "software": true,
      "hardware": false,
      "vendor": false,
      "supported_type": [
        {
          "type": "video/mp4v-es",
          "codec_profile_level": [
            {
              "level": 256,
              "profile": 1
            }
          ],
          "codec_color_format": [
            2135033992,
            19,
            21,
            20,
            39,
            2130708361
          ],
          "supported_secure_playback": false,
          "supported_hdr_editing": false,
          "supported_resolutions": {
            "supported_360p_30fps": true,
            "supported_480p_30fps": true,
            "supported_720p_30fps": true,
            "supported_1080p_30fps": false,
            "supported_2k_30fps": false,
            "supported_4k_30fps": false,
            "supported_8k_30fps": false,
            "supported_360p_60fps": true,
            "supported_480p_60fps": true,
            "supported_720p_60fps": false,
            "supported_1080p_60fps": false,
            "supported_2k_60fps": false,
            "supported_4k_60fps": false,
            "supported_8k_60fps": false
          },
          "width_alignment": 2,
          "height_alignment": 2,
          "min_pixel_count": 4,
          "max_pixel_count": 903168
        }
      ]
    },
    {
      "name": "OMX.google.mpeg4.decoder",
      "canonical": "c2.android.mpeg4.decoder",
      "encoder": false,
      "alias": true,
      "software": true,
      "hardware": false,
      "vendor": false,
      "supported_type": [
        {
          "type": "video/mp4v-es",
          "codec_profile_level": [
            {
              "level": 256,
              "profile": 1
            }
          ],
          "codec_color_format": [
            2135033992,
            19,
            21,
            20,
            39,
            2130708361
          ],
          "supported_secure_playback": false,
          "supported_hdr_editing": false,
          "supported_resolutions": {
            "supported_360p_30fps": true,
            "supported_480p_30fps": true,
            "supported_720p_30fps": true,
            "supported_1080p_30fps": false,
            "supported_2k_30fps": false,
            "supported_4k_30fps": false,
            "supported_8k_30fps": false,
            "supported_360p_60fps": true,
            "supported_480p_60fps": true,
            "supported_720p_60fps": false,
            "supported_1080p_60fps": false,
            "supported_2k_60fps": false,
            "supported_4k_60fps": false,
            "supported_8k_60fps": false
          },
          "width_alignment": 2,
          "height_alignment": 2,
          "min_pixel_count": 4,
          "max_pixel_count": 903168
        }
      ]
    },
    {
      "name": "c2.android.mpeg4.encoder",
      "canonical": "c2.android.mpeg4.encoder",
      "encoder": true,
      "alias": false,
      "software": true,
      "hardware": false,
      "vendor": false,
      "supported_type": [
        {
          "type": "video/mp4v-es",
          "codec_profile_level": [
            {
              "level": 8,
              "profile": 1
            }
          ],
          "codec_color_format": [
            2135033992,
            19,
            21,
            20,
            39,
            2130708361
          ],
          "supported_secure_playback": false,
          "supported_hdr_editing": false,
          "supported_resolutions": {
            "supported_360p_30fps": false,
            "supported_480p_30fps": false,
            "supported_720p_30fps": false,
            "supported_1080p_30fps": false,
            "supported_2k_30fps": false,
            "supported_4k_30fps": false,
            "supported_8k_30fps": false,
            "supported_360p_60fps": false,
            "supported_480p_60fps": false,
            "supported_720p_60fps": false,
            "supported_1080p_60fps": false,
            "supported_2k_60fps": false,
            "supported_4k_60fps": false,
            "supported_8k_60fps": false
          },
          "width_alignment": 16,
          "height_alignment": 16,
          "min_pixel_count": 256,
          "max_pixel_count": 25344
        }
      ]
    },
    {
      "name": "OMX.google.mpeg4.encoder",
      "canonical": "c2.android.mpeg4.encoder",
      "encoder": true,
      "alias": true,
      "software": true,
      "hardware": false,
      "vendor": false,
      "supported_type": [
        {
          "type": "video/mp4v-es",
          "codec_profile_level": [
            {
              "level": 8,
              "profile": 1
            }
          ],
          "codec_color_format": [
            2135033992,
            19,
            21,
            20,
            39,
            2130708361
          ],
          "supported_secure_playback": false,
          "supported_hdr_editing": false,
          "supported_resolutions": {
            "supported_360p_30fps": false,
            "supported_480p_30fps": false,
            "supported_720p_30fps": false,
            "supported_1080p_30fps": false,
            "supported_2k_30fps": false,
            "supported_4k_30fps": false,
            "supported_8k_30fps": false,
            "supported_360p_60fps": false,
            "supported_480p_60fps": false,
            "supported_720p_60fps": false,
            "supported_1080p_60fps": false,
            "supported_2k_60fps": false,
            "supported_4k_60fps": false,
            "supported_8k_60fps": false
          },
          "width_alignment": 16,
          "height_alignment": 16,
          "min_pixel_count": 256,
          "max_pixel_count": 25344
        }
      ]
    },
    {
      "name": "c2.android.vp8.decoder",
      "canonical": "c2.android.vp8.decoder",
      "encoder": false,
      "alias": false,
      "software": true,
      "hardware": false,
      "vendor": false,
      "supported_type": [
        {
          "type": "video/x-vnd.on2.vp8",
          "codec_profile_level": [
            {
              "level": 1,
              "profile": 1
            }
          ],
          "codec_color_format": [
            2135033992,
            19,
            21,
            20,
            39,
            2130708361
          ],
          "supported_secure_playback": false,
          "supported_hdr_editing": false,
          "supported_resolutions": {
            "supported_360p_30fps": true,
            "supported_480p_30fps": true,
            "supported_720p_30fps": true,
            "supported_1080p_30fps": true,
            "supported_2k_30fps": false,
            "supported_4k_30fps": false,
            "supported_8k_30fps": false,
            "supported_360p_60fps": true,
            "supported_480p_60fps": true,
            "supported_720p_60fps": true,
            "supported_1080p_60fps": true,
            "supported_2k_60fps": false,
            "supported_4k_60fps": false,
            "supported_8k_60fps": false
          },
          "width_alignment": 2,
          "height_alignment": 2,
          "min_pixel_count": 4,
          "max_pixel_count": 4194304
        }
      ]
    },
    {
      "name": "OMX.google.vp8.decoder",
      "canonical": "c2.android.vp8.decoder",
      "encoder": false,
      "alias": true,
      "software": true,
      "hardware": false,
      "vendor": false,
      "supported_type": [
        {
          "type": "video/x-vnd.on2.vp8",
          "codec_profile_level": [
            {
              "level": 1,
              "profile": 1
            }
          ],
          "codec_color_format": [
            2135033992,
            19,
            21,
            20,
            39,
            2130708361
          ],
          "supported_secure_playback": false,
          "supported_hdr_editing": false,
          "supported_resolutions": {
            "supported_360p_30fps": true,
            "supported_480p_30fps": true,
            "supported_720p_30fps": true,
            "supported_1080p_30fps": true,
            "supported_2k_30fps": false,
            "supported_4k_30fps": false,
            "supported_8k_30fps": false,
            "supported_360p_60fps": true,
            "supported_480p_60fps": true,
            "supported_720p_60fps": true,
            "supported_1080p_60fps": true,
            "supported_2k_60fps": false,
            "supported_4k_60fps": false,
            "supported_8k_60fps": false
          },
          "width_alignment": 2,
          "height_alignment": 2,
          "min_pixel_count": 4,
          "max_pixel_count": 4194304
        }
      ]
    },
    {
      "name": "c2.android.vp8.encoder",
      "canonical": "c2.android.vp8.encoder",
      "encoder": true,
      "alias": false,
      "software": true,
      "hardware": false,
      "vendor": false,
      "supported_type": [
        {
          "type": "video/x-vnd.on2.vp8",
          "codec_profile_level": [
            {
              "level": 1,
              "profile": 1
            }
          ],
          "codec_color_format": [
            2135033992,
            19,
            21,
            20,
            39,
            2130708361
          ],
          "supported_secure_playback": false,
          "supported_hdr_editing": false,
          "supported_resolutions": {
            "supported_360p_30fps": true,
            "supported_480p_30fps": true,
            "supported_720p_30fps": true,
            "supported_1080p_30fps": true,
            "supported_2k_30fps": false,
            "supported_4k_30fps": false,
            "supported_8k_30fps": false,
            "supported_360p_60fps": true,
            "supported_480p_60fps": true,
            "supported_720p_60fps": true,
            "supported_1080p_60fps": true,
            "supported_2k_60fps": false,
            "supported_4k_60fps": false,
            "supported_8k_60fps": false
          },
          "width_alignment": 2,
          "height_alignment": 2,
          "min_pixel_count": 4,
          "max_pixel_count": 4194304
        }
      ]
    },
    {
      "name": "OMX.google.vp8.encoder",
      "canonical": "c2.android.vp8.encoder",
      "encoder": true,
      "alias": true,
      "software": true,
      "hardware": false,
      "vendor": false,
      "supported_type": [
        {
          "type": "video/x-vnd.on2.vp8",
          "codec_profile_level": [
            {
              "level": 1,
              "profile": 1
            }
          ],
          "codec_color_format": [
            2135033992,
            19,
            21,
            20,
            39,
            2130708361
          ],
          "supported_secure_playback": false,
          "supported_hdr_editing": false,
          "supported_resolutions": {
            "supported_360p_30fps": true,
            "supported_480p_30fps": true,
            "supported_720p_30fps": true,
            "supported_1080p_30fps": true,
            "supported_2k_30fps": false,
            "supported_4k_30fps": false,
            "supported_8k_30fps": false,
            "supported_360p_60fps": true,
            "supported_480p_60fps": true,
            "supported_720p_60fps": true,
            "supported_1080p_60fps": true,
            "supported_2k_60fps": false,
            "supported_4k_60fps": false,
            "supported_8k_60fps": false
          },
          "width_alignment": 2,
          "height_alignment": 2,
          "min_pixel_count": 4,
          "max_pixel_count": 4194304
        }
      ]
    },
    {
      "name": "c2.android.vp9.decoder",
      "canonical": "c2.android.vp9.decoder",
      "encoder": false,
      "alias": false,
      "software": true,
      "hardware": false,
      "vendor": false,
      "supported_type": [
        {
          "type": "video/x-vnd.on2.vp9",
          "codec_profile_level": [
            {
              "level": 256,
              "profile": 1
            },
            {
              "level": 256,
              "profile": 4
            },
            {
              "level": 256,
              "profile": 4096
            },
            {
              "level": 256,
              "profile": 16384
            }
          ],
          "codec_color_format": [
            2135033992,
            19,
            21,
            20,
            39,
            2130708361,
            54
          ],
          "supported_secure_playback": false,
          "supported_hdr_editing": false,
          "supported_resolutions": {
            "supported_360p_30fps": true,
            "supported_480p_30fps": true,
            "supported_720p_30fps": true,
            "supported_1080p_30fps": true,
            "supported_2k_30fps": false,
            "supported_4k_30fps": false,
            "supported_8k_30fps": false,
            "supported_360p_60fps": true,
            "supported_480p_60fps": true,
            "supported_720p_60fps": true,
            "supported_1080p_60fps": true,
            "supported_2k_60fps": false,
            "supported_4k_60fps": false,
            "supported_8k_60fps": false
          },
          "width_alignment": 2,
          "height_alignment": 2,
          "min_pixel_count": 4,
          "max_pixel_count": 4194304
        }
      ]
    },
    {
      "name": "OMX.google.vp9.decoder",
      "canonical": "c2.android.vp9.decoder",
      "encoder": false,
      "alias": true,
      "software": true,
      "hardware": false,
      "vendor": false,
      "supported_type": [
        {
          "type": "video/x-vnd.on2.vp9",
          "codec_profile_level": [
            {
              "level": 256,
              "profile": 1
            },
            {
              "level": 256,
              "profile": 4
            },
            {
              "level": 256,
              "profile": 4096
            },
            {
              "level": 256,
              "profile": 16384
            }
          ],
          "codec_color_format": [
            2135033992,
            19,
            21,
            20,
            39,
            2130708361,
            54
          ],
          "supported_secure_playback": false,
          "supported_hdr_editing": false,
          "supported_resolutions": {
            "supported_360p_30fps": true,
            "supported_480p_30fps": true,
            "supported_720p_30fps": true,
            "supported_1080p_30fps": true,
            "supported_2k_30fps": false,
            "supported_4k_30fps": false,
            "supported_8k_30fps": false,
            "supported_360p_60fps": true,
            "supported_480p_60fps": true,
            "supported_720p_60fps": true,
            "supported_1080p_60fps": true,
            "supported_2k_60fps": false,
            "supported_4k_60fps": false,
            "supported_8k_60fps": false
          },
          "width_alignment": 2,
          "height_alignment": 2,
          "min_pixel_count": 4,
          "max_pixel_count": 4194304
        }
      ]
    },
    {
      "name": "c2.android.vp9.encoder",
      "canonical": "c2.android.vp9.encoder",
      "encoder": true,
      "alias": false,
      "software": true,
      "hardware": false,
      "vendor": false,
      "supported_type": [
        {
          "type": "video/x-vnd.on2.vp9",
          "codec_profile_level": [
            {
              "level": 128,
              "profile": 1
            }
          ],
          "codec_color_format": [
            2135033992,
            19,
            21,
            20,
            39,
            2130708361
          ],
          "supported_secure_playback": false,
          "supported_hdr_editing": false,
          "supported_resolutions": {
            "supported_360p_30fps": true,
            "supported_480p_30fps": true,
            "supported_720p_30fps": true,
            "supported_1080p_30fps": false,
            "supported_2k_30fps": false,
            "supported_4k_30fps": false,
            "supported_8k_30fps": false,
            "supported_360p_60fps": true,
            "supported_480p_60fps": true,
            "supported_720p_60fps": true,
            "supported_1080p_60fps": false,
            "supported_2k_60fps": false,
            "supported_4k_60fps": false,
            "supported_8k_60fps": false
          },
          "width_alignment": 2,
          "height_alignment": 2,
          "min_pixel_count": 4,
          "max_pixel_count": 917504
        }
      ]
    },
    {
      "name": "OMX.google.vp9.encoder",
      "canonical": "c2.android.vp9.encoder",
      "encoder": true,
      "alias": true,
      "software": true,
      "hardware": false,
      "vendor": false,
      "supported_type": [
        {
          "type": "video/x-vnd.on2.vp9",
          "codec_profile_level": [
            {
              "level": 128,
              "profile": 1
            }
          ],
          "codec_color_format": [
            2135033992,
            19,
            21,
            20,
            39,
            2130708361
          ],
          "supported_secure_playback": false,
          "supported_hdr_editing": false,
          "supported_resolutions": {
            "supported_360p_30fps": true,
            "supported_480p_30fps": true,
            "supported_720p_30fps": true,
            "supported_1080p_30fps": false,
            "supported_2k_30fps": false,
            "supported_4k_30fps": false,
            "supported_8k_30fps": false,
            "supported_360p_60fps": true,
            "supported_480p_60fps": true,
            "supported_720p_60fps": true,
            "supported_1080p_60fps": false,
            "supported_2k_60fps": false,
            "supported_4k_60fps": false,
            "supported_8k_60fps": false
          },
          "width_alignment": 2,
          "height_alignment": 2,
          "min_pixel_count": 4,
          "max_pixel_count": 917504
        }
      ]
    },
    {
      "name": "c2.android.av1-dav1d.decoder",
      "canonical": "c2.android.av1-dav1d.decoder",
      "encoder": false,
      "alias": false,
      "software": true,
      "hardware": false,
      "vendor": false,
      "supported_type": [
        {
          "type": "video/av01",
          "codec_profile_level": [
            {
              "level": 32768,
              "profile": 1
            },
            {
              "level": 32768,
              "profile": 4096
            },
            {
              "level": 32768,
              "profile": 8192
            },
            {
              "level": 32768,
              "profile": 2
            }
          ],
          "codec_color_format": [
            2135033992,
            19,
            21,
            20,
            39,
            2130708361,
            54
          ],
          "supported_secure_playback": false,
          "supported_hdr_editing": false,
          "supported_resolutions": {
            "supported_360p_30fps": true,
            "supported_480p_30fps": true,
            "supported_720p_30fps": true,
            "supported_1080p_30fps": true,
            "supported_2k_30fps": false,
            "supported_4k_30fps": false,
            "supported_8k_30fps": false,
            "supported_360p_60fps": true,
            "supported_480p_60fps": true,
            "supported_720p_60fps": true,
            "supported_1080p_60fps": false,
            "supported_2k_60fps": false,
            "supported_4k_60fps": false,
            "supported_8k_60fps": false
          },
          "width_alignment": 2,
          "height_alignment": 2,
          "min_pixel_count": 4,
          "max_pixel_count": 2097152
        }
      ]
    }
  ]
}