{
  "sensor": [
    {
      "reporting_mode": 3,
      "name": "Dynamic Sensor Manager",
      "vendor": "Google",
      "type": 32,
      "version": 1,
      "maximum_range": 1.0,
      "resolution": 1.0,
      "power": 0.0010000000474974513,
      "min_delay": 1000,
      "fifo_reserved_event_count": 0,
      "fifo_max_event_count": 0,
      "string_type": "android.sensor.dynamic_sensor_meta",
      "id": 0,
      "max_delay": 1000,
      "is_wake_up_sensor": true,
      "is_dynamic_sensor": false,
      "is_additional_info_supported": false,
      "highest_direct_report_rate_level": 0,
      "supported_direct_channel_type": []
    },
    {
      "reporting_mode": 0,
      "name": "LSM6DSV Accelerometer",
      "vendor": "STMicro",
      "type": 1,
      "version": 1,
      "maximum_range": 156.90640258789062,
      "resolution": 0.004785645287483931,
      "power": 0.0010000000474974513,
      "min_delay": 5000,
      "fifo_reserved_event_count": 3000,
      "fifo_max_event_count": 3000,
      "string_type": "android.sensor.accelerometer",
      "id": 0,
      "max_delay": 533334,
      "is_wake_up_sensor": false,
      "is_dynamic_sensor": false,
      "is_additional_info_supported": true,
      "highest_direct_report_rate_level": 1,
      "supported_direct_channel_type": [
        2
      ]
    },
    {
      "reporting_mode": 0,
      "name": "MMC56X3X Magnetometer",
      "vendor": "MEMSIC",
      "type": 2,
      "version": 1,
      "maximum_range": 3198.15673828125,
      "resolution": 0.09759999811649323,
      "power": 0.0010000000474974513,
      "min_delay": 10000,
      "fifo_reserved_event_count": 3000,
      "fifo_max_event_count": 3000,
      "string_type": "android.sensor.magnetic_field",
      "id": 0,
      "max_delay": 800000,
      "is_wake_up_sensor": false,
      "is_dynamic_sensor": false,
      "is_additional_info_supported": false,
      "highest_direct_report_rate_level": 1,
      "supported_direct_channel_type": [
        2
      ]
    },
    {
      "reporting_mode": 0,
      "name": "Orientation Sensor",
      "vendor": "Google",
      "type": 3,
      "version": 1,
      "maximum_range": 360.0,
      "resolution": 9.999999747378752E-6,
      "power": 0.0010000000474974513,
      "min_delay": 5000,
      "fifo_reserved_event_count": 3000,
      "fifo_max_event_count": 3000,
      "string_type": "android.sensor.orientation",
      "id": 0,
      "max_delay": 200000,
      "is_wake_up_sensor": false,
      "is_dynamic_sensor": false,
      "is_additional_info_supported": false,
      "highest_direct_report_rate_level": 0,
      "supported_direct_channel_type": []
    },
    {
      "reporting_mode": 0,
      "name": "LSM6DSV Gyroscope",
      "vendor": "STMicro",
      "type": 4,
      "version": 1,
      "maximum_range": 34.906063079833984,
      "resolution": 0.0012217304902151227,
      "power": 0.0010000000474974513,
      "min_delay": 5000,
      "fifo_reserved_event_count": 3000,
      "fifo_max_event_count": 3000,
      "string_type": "android.sensor.gyroscope",
      "id": 0,
      "max_delay": 533334,
      "is_wake_up_sensor": false,
      "is_dynamic_sensor": false,
      "is_additional_info_supported": true,
      "highest_direct_report_rate_level": 1,
      "supported_direct_channel_type": [
        2
      ]
    },
    {
      "reporting_mode": 1,
      "name": "TMD3719 Ambient Light",
      "vendor": "AMS",
      "type": 5,
      "version": 1,
      "maximum_range": 1000000.0,
      "resolution": 0.009999999776482582,
      "power": 0.0010000000474974513,
      "min_delay": 0,
      "fifo_reserved_event_count": 100,
      "fifo_max_event_count": 100,
      "string_type": "android.sensor.light",
      "id": 0,
      "max_delay": 1000000,
      "is_wake_up_sensor": false,
      "is_dynamic_sensor": false,
      "is_additional_info_supported": false,
      "highest_direct_report_rate_level": 0,
      "supported_direct_channel_type": []
    },
    {
      "reporting_mode": 0,
      "name": "ICP20100 Pressure Sensor",
      "vendor": "InvenSense",
      "type": 6,
      "version": 1,
      "maximum_range": 1100.0,
      "resolution": 9.999999747378752E-5,
      "power": 0.0010000000474974513,
      "min_delay": 25000,
      "fifo_reserved_event_count": 3000,
      "fifo_max_event_count": 3000,
      "string_type": "android.sensor.pressure",
      "id": 0,
      "max_delay": 1000000,
      "is_wake_up_sensor": false,
      "is_dynamic_sensor": false,
      "is_additional_info_supported": false,
      "highest_direct_report_rate_level": 0,
      "supported_direct_channel_type": []
    },
    {
      "reporting_mode": 1,
      "name": "TMD3719 Proximity (wake-up)",
      "vendor": "AMS",
      "type": 8,
      "version": 1,
      "maximum_range": 5.0,
      "resolution": 1.0,
      "power": 0.0010000000474974513,
      "min_delay": 0,
      "fifo_reserved_event_count": 100,
      "fifo_max_event_count": 100,
      "string_type": "android.sensor.proximity",
      "id": 0,
      "max_delay": 1000000,
      "is_wake_up_sensor": true,
      "is_dynamic_sensor": false,
      "is_additional_info_supported": false,
      "highest_direct_report_rate_level": 0,
      "supported_direct_channel_type": []
    },
    {
      "reporting_mode": 0,
      "name": "Gravity Sensor",
      "vendor": "Google",
      "type": 9,
      "version": 1,
      "maximum_range": 9.8100004196167,
      "resolution": 9.999999747378752E-6,
      "power": 0.0010000000474974513,
      "min_delay": 5000,
      "fifo_reserved_event_count": 3000,
      "fifo_max_event_count": 3000,
      "string_type": "android.sensor.gravity",
      "id": 0,
      "max_delay": 200000,
      "is_wake_up_sensor": false,
      "is_dynamic_sensor": false,
      "is_additional_info_supported": false,
      "highest_direct_report_rate_level": 2,
      "supported_direct_channel_type": [
        2
      ]
    },
    {
      "reporting_mode": 0,
      "name": "Linear Acceleration Sensor",
      "vendor": "Google",
      "type": 10,
      "version": 1,
      "maximum_range": 156.9600067138672,
      "resolution": 9.999999747378752E-6,
      "power": 0.0010000000474974513,
      "min_delay": 20000,
      "fifo_reserved_event_count": 3000,
      "fifo_max_event_count": 3000,
      "string_type": "android.sensor.linear_acceleration",
      "id": 0,
      "max_delay": 200000,
      "is_wake_up_sensor": false,
      "is_dynamic_sensor": false,
      "is_additional_info_supported": false,
      "highest_direct_report_rate_level": 0,
      "supported_direct_channel_type": []
    },
    {
      "reporting_mode": 0,
      "name": "Rotation Vector Sensor",
      "vendor": "Google",
      "type": 11,
      "version": 1,
      "maximum_range": 1.0,
      "resolution": 9.999999747378752E-6,
      "power": 0.0010000000474974513,
      "min_delay": 5000,
      "fifo_reserved_event_count": 100,
      "fifo_max_event_count": 100,
      "string_type": "android.sensor.rotation_vector",
      "id": 0,
      "max_delay": 200000,
      "is_wake_up_sensor": false,
      "is_dynamic_sensor": false,
      "is_additional_info_supported": false,
      "highest_direct_report_rate_level": 0,
      "supported_direct_channel_type": []
    },
    {
      "reporting_mode": 0,
      "name": "MMC56X3X Magnetometer-Uncalibrated",
      "vendor": "MEMSIC",
      "type": 14,
      "version": 1,
      "maximum_range": 3198.15673828125,
      "resolution": 0.09759999811649323,
      "power": 0.0010000000474974513,
      "min_delay": 10000,
      "fifo_reserved_event_count": 3000,
      "fifo_max_event_count": 3000,
      "string_type": "android.sensor.magnetic_field_uncalibrated",
      "id": 0,
      "max_delay": 800000,
      "is_wake_up_sensor": false,
      "is_dynamic_sensor": false,
      "is_additional_info_supported": false,
      "highest_direct_report_rate_level": 1,
      "supported_direct_channel_type": [
        2
      ]
    },
    {
      "reporting_mode": 0,
      "name": "Game Rotation Vector Sensor",
      "vendor": "Google",
      "type": 15,
      "version": 1,
      "maximum_range": 1.0,
      "resolution": 9.999999747378752E-6,
      "power": 0.0010000000474974513,
      "min_delay": 5000,
      "fifo_reserved_event_count": 100,
      "fifo_max_event_count": 100,
      "string_type": "android.sensor.game_rotation_vector",
      "id": 0,
      "max_delay": 200000,
      "is_wake_up_sensor": false,
      "is_dynamic_sensor": false,
      "is_additional_info_supported": false,
      "highest_direct_report_rate_level": 0,
      "supported_direct_channel_type": []
    },
    {
      "reporting_mode": 0,
      "name": "LSM6DSV Gyroscope-Uncalibrated",
      "vendor": "STMicro",
      "type": 16,
      "version": 1,
      "maximum_range": 34.906063079833984,
      "resolution": 0.0012217304902151227,
      "power": 0.0010000000474974513,
      "min_delay": 5000,
      "fifo_reserved_event_count": 3000,
      "fifo_max_event_count": 3000,
      "string_type": "android.sensor.gyroscope_uncalibrated",
      "id": 0,
      "max_delay": 533334,
      "is_wake_up_sensor": false,
      "is_dynamic_sensor": false,
      "is_additional_info_supported": true,
      "highest_direct_report_rate_level": 1,
      "supported_direct_channel_type": [
        2
      ]
    },
    {
      "reporting_mode": 2,
      "name": "Significant Motion (wake-up)",
      "vendor": "Google",
      "type": 17,
      "version": 1,
      "maximum_range": 1.0,
      "resolution": 1.0,
      "power": 0.0010000000474974513,
      "min_delay": -1,
      "fifo_reserved_event_count": 0,
      "fifo_max_event_count": 0,
      "string_type": "android.sensor.significant_motion",
      "id": 0,
      "max_delay": 0,
      "is_wake_up_sensor": true,
      "is_dynamic_sensor": false,
      "is_additional_info_supported": false,
      "highest_direct_report_rate_level": 0,
      "supported_direct_channel_type": []
    },
    {
      "reporting_mode": 3,
      "name": "Step Detector",
      "vendor": "Google",
      "type": 18,
      "version": 1,
      "maximum_range": 1.0,
      "resolution": 1.0,
      "power": 0.0010000000474974513,
      "min_delay": 0,
      "fifo_reserved_event_count": 3000,
      "fifo_max_event_count": 3000,
      "string_type": "android.sensor.step_detector",
      "id": 0,
      "max_delay": 0,
      "is_wake_up_sensor": false,
      "is_dynamic_sensor": false,
      "is_additional_info_supported": false,
      "highest_direct_report_rate_level": 0,
      "supported_direct_channel_type": []
    },
    {
      "reporting_mode": 1,
      "name": "Step Counter",
      "vendor": "Google",
      "type": 19,
      "version": 1,
      "maximum_range": 3.4028234663852886E38,
      "resolution": 1.0,
      "power": 0.0010000000474974513,
      "min_delay": 0,
      "fifo_reserved_event_count": 3000,
      "fifo_max_event_count": 3000,
      "string_type": "android.sensor.step_counter",
      "id": 0,
      "max_delay": 1000000,
      "is_wake_up_sensor": false,
      "is_dynamic_sensor": false,
      "is_additional_info_supported": false,
      "highest_direct_report_rate_level": 0,
      "supported_direct_channel_type": []
    },
    {
      "reporting_mode": 0,
      "name": "Geomagnetic Rotation Vector Sensor",
      "vendor": "Google",
      "type": 20,
      "version": 1,
      "maximum_range": 1.0,
      "resolution": 9.999999747378752E-6,
      "power": 0.0010000000474974513,
      "min_delay": 5000,
      "fifo_reserved_event_count": 100,
      "fifo_max_event_count": 100,
      "string_type": "android.sensor.geomagnetic_rotation_vector",
      "id": 0,
      "max_delay": 200000,
      "is_wake_up_sensor": false,
      "is_dynamic_sensor": false,
      "is_additional_info_supported": false,
      "highest_direct_report_rate_level": 0,
      "supported_direct_channel_type": []
    },
    {
      "reporting_mode": 3,
      "name": "Tilt Sensor (wake-up)",
      "vendor": "Google",
      "type": 22,
      "version": 1,
      "maximum_range": 1.0,
      "resolution": 1.0,
      "power": 0.0010000000474974513,
      "min_delay": 0,
      "fifo_reserved_event_count": 3000,
      "fifo_max_event_count": 3000,
      "string_type": "android.sensor.tilt_detector",
      "id": 0,
      "max_delay": 0,
      "is_wake_up_sensor": true,
      "is_dynamic_sensor": false,
      "is_additional_info_supported": false,
      "highest_direct_report_rate_level": 0,
      "supported_direct_channel_type": []
    },
    {
      "reporting_mode": 2,
      "name": "Device Pickup Sensor (wake-up)",
      "vendor": "Google",
      "type": 25,
      "version": 1,
      "maximum_range": 1.0,
      "resolution": 1.0,
      "power": 0.0010000000474974513,
      "min_delay": -1,
      "fifo_reserved_event_count": 0,
      "fifo_max_event_count": 0,
      "string_type": "android.sensor.pick_up_gesture",
      "id": 0,
      "max_delay": 0,
      "is_wake_up_sensor": true,
      "is_dynamic_sensor": false,
      "is_additional_info_supported": false,
      "highest_direct_report_rate_level": 0,
      "supported_direct_channel_type": []
    },
    {
      "reporting_mode": 1,
      "name": "Device Orientation",
      "vendor": "Google",
      "type": 27,
      "version": 1,
      "maximum_range": 3.0,
      "resolution": 1.0,
      "power": 0.0010000000474974513,
      "min_delay": 0,
      "fifo_reserved_event_count": 3000,
      "fifo_max_event_count": 3000,
      "string_type": "android.sensor.device_orientation",
      "id": 0,
      "max_delay": 1000000,
      "is_wake_up_sensor": false,
      "is_dynamic_sensor": false,
      "is_additional_info_supported": false,
      "highest_direct_report_rate_level": 0,
      "supported_direct_channel_type": []
    },
    {
      "reporting_mode": 0,
      "name": "LSM6DSV Accelerometer-Uncalibrated",
      "vendor": "STMicro",
      "type": 35,
      "version": 1,
      "maximum_range": 156.90640258789062,
      "resolution": 0.004785645287483931,
      "power": 0.0010000000474974513,
      "min_delay": 5000,
      "fifo_reserved_event_count": 3000,
      "fifo_max_event_count": 3000,
      "string_type": "android.sensor.accelerometer_uncalibrated",
      "id": 0,
      "max_delay": 533334,
      "is_wake_up_sensor": false,
      "is_dynamic_sensor": false,
      "is_additional_info_supported": true,
      "highest_direct_report_rate_level": 1,
      "supported_direct_channel_type": [
        2
      ]
    },
    {
      "reporting_mode": 0,
      "name": "LSM6DSV Temperature",
      "vendor": "STMicro",
      "type": 65538,
      "version": 1,
      "maximum_range": 85.0,
      "resolution": 0.00390625,
      "power": 0.0010000000474974513,
      "min_delay": 16667,
      "fifo_reserved_event_count": 3000,
      "fifo_max_event_count": 3000,
      "string_type": "com.google.sensor.gyro_temperature",
      "id": 0,
      "max_delay": 533334,
      "is_wake_up_sensor": false,
      "is_dynamic_sensor": false,
      "is_additional_info_supported": false,
      "highest_direct_report_rate_level": 0,
      "supported_direct_channel_type": []
    },
    {
      "reporting_mode": 0,
      "name": "ICP20100 Temperature",
      "vendor": "InvenSense",
      "type": 65539,
      "version": 1,
      "maximum_range": 85.0,
      "resolution": 0.009999999776482582,
      "power": 0.0010000000474974513,
      "min_delay": 25000,
      "fifo_reserved_event_count": 3000,
      "fifo_max_event_count": 3000,
      "string_type": "com.google.sensor.pressure_temp",
      "id": 0,
      "max_delay": 1000000,
      "is_wake_up_sensor": false,
      "is_dynamic_sensor": false,
      "is_additional_info_supported": false,
      "highest_direct_report_rate_level": 0,
      "supported_direct_channel_type": []
    },
    {
      "reporting_mode": 1,
      "name": "Camera V-Sync 0",
      "vendor": "Google",
      "type": 65541,
      "version": 1,
      "maximum_range": 3.4028234663852886E38,
      "resolution": 0.0,
      "power": 0.0010000000474974513,
      "min_delay": 0,
      "fifo_reserved_event_count": 3000,
      "fifo_max_event_count": 3000,
      "string_type": "com.google.sensor.camera_vsync",
      "id": 0,
      "max_delay": 1000000,
      "is_wake_up_sensor": false,
      "is_dynamic_sensor": false,
      "is_additional_info_supported": false,
      "highest_direct_report_rate_level": 0,
      "supported_direct_channel_type": []
    },
    {
      "reporting_mode": 1,
      "name": "Camera V-Sync 1",
      "vendor": "Google",
      "type": 65541,
      "version": 1,
      "maximum_range": 3.4028234663852886E38,
      "resolution": 0.0,
      "power": 0.0010000000474974513,
      "min_delay": 0,
      "fifo_reserved_event_count": 3000,
      "fifo_max_event_count": 3000,
      "string_type": "com.google.sensor.camera_vsync",
      "id": 0,
      "max_delay": 1000000,
      "is_wake_up_sensor": false,
      "is_dynamic_sensor": false,
      "is_additional_info_supported": false,
      "highest_direct_report_rate_level": 0,
      "supported_direct_channel_type": []
    },
    {
      "reporting_mode": 1,
      "name": "Camera V-Sync 2",
      "vendor": "Google",
      "type": 65541,
      "version": 1,
      "maximum_range": 3.4028234663852886E38,
      "resolution": 0.0,
      "power": 0.0010000000474974513,
      "min_delay": 0,
      "fifo_reserved_event_count": 3000,
      "fifo_max_event_count": 3000,
      "string_type": "com.google.sensor.camera_vsync",
      "id": 0,
      "max_delay": 1000000,
      "is_wake_up_sensor": false,
      "is_dynamic_sensor": false,
      "is_additional_info_supported": false,
      "highest_direct_report_rate_level": 0,
      "supported_direct_channel_type": []
    },
    {
      "reporting_mode": 1,
      "name": "Camera V-Sync 3",
      "vendor": "Google",
      "type": 65541,
      "version": 1,
      "maximum_range": 3.4028234663852886E38,
      "resolution": 0.0,
      "power": 0.0010000000474974513,
      "min_delay": 0,
      "fifo_reserved_event_count": 3000,
      "fifo_max_event_count": 3000,
      "string_type": "com.google.sensor.camera_vsync",
      "id": 0,
      "max_delay": 1000000,
      "is_wake_up_sensor": false,
      "is_dynamic_sensor": false,
      "is_additional_info_supported": false,
      "highest_direct_report_rate_level": 0,
      "supported_direct_channel_type": []
    },
    {
      "reporting_mode": 0,
      "name": "VD6282 Rear Light Sensor",
      "vendor": "STMicro",
      "type": 65545,
      "version": 1,
      "maximum_range": 1000000.0,
      "resolution": 0.0,
      "power": 0.0010000000474974513,
      "min_delay": 16000,
      "fifo_reserved_event_count": 3000,
      "fifo_max_event_count": 3000,
      "string_type": "com.google.sensor.rear_light",
      "id": 0,
      "max_delay": 409600,
      "is_wake_up_sensor": false,
      "is_dynamic_sensor": false,
      "is_additional_info_supported": false,
      "highest_direct_report_rate_level": 0,
      "supported_direct_channel_type": []
    },
    {
      "reporting_mode": 0,
      "name": "Counter Sensor",
      "vendor": "Google",
      "type": 65548,
      "version": 1,
      "maximum_range": 1.6777216E7,
      "resolution": 1.0,
      "power": 0.0010000000474974513,
      "min_delay": 2500,
      "fifo_reserved_event_count": 3000,
      "fifo_max_event_count": 3000,
      "string_type": "com.google.sensor.counter",
      "id": 0,
      "max_delay": 2000000,
      "is_wake_up_sensor": false,
      "is_dynamic_sensor": false,
      "is_additional_info_supported": false,
      "highest_direct_report_rate_level": 3,
      "supported_direct_channel_type": [
        2
      ]
    },
    {
      "reporting_mode": 0,
      "name": "Counter Sensor (wake-up)",
      "vendor": "Google",
      "type": 65548,
      "version": 1,
      "maximum_range": 1.6777216E7,
      "resolution": 1.0,
      "power": 0.0010000000474974513,
      "min_delay": 2500,
      "fifo_reserved_event_count": 3000,
      "fifo_max_event_count": 3000,
      "string_type": "com.google.sensor.counter",
      "id": 0,
      "max_delay": 2000000,
      "is_wake_up_sensor": true,
      "is_dynamic_sensor": false,
      "is_additional_info_supported": false,
      "highest_direct_report_rate_level": 3,
      "supported_direct_channel_type": [
        2
      ]
    },
    {
      "reporting_mode": 3,
      "name": "Double Twist (wake-up)",
      "vendor": "Google",
      "type": 131073,
      "version": 1,
      "maximum_range": 1.0,
      "resolution": 1.0,
      "power": 0.0010000000474974513,
      "min_delay": 0,
      "fifo_reserved_event_count": 3000,
      "fifo_max_event_count": 3000,
      "string_type": "com.google.sensor.double_twist",
      "id": 0,
      "max_delay": 0,
      "is_wake_up_sensor": true,
      "is_dynamic_sensor": false,
      "is_additional_info_supported": false,
      "highest_direct_report_rate_level": 0,
      "supported_direct_channel_type": []
    },
    {
      "reporting_mode": 1,
      "name": "Binned Brightness (wake-up)",
      "vendor": "Google",
      "type": 131077,
      "version": 1,
      "maximum_range": 255.0,
      "resolution": 1.0,
      "power": 0.0010000000474974513,
      "min_delay": 0,
      "fifo_reserved_event_count": 3000,
      "fifo_max_event_count": 3000,
      "string_type": "com.google.sensor.binned_brightness",
      "id": 0,
      "max_delay": 1000000,
      "is_wake_up_sensor": true,
      "is_dynamic_sensor": false,
      "is_additional_info_supported": false,
      "highest_direct_report_rate_level": 0,
      "supported_direct_channel_type": []
    },
    {
      "reporting_mode": 2,
      "name": "Proximity Gated Single Tap Gesture (wake-up)",
      "vendor": "Google",
      "type": 131083,
      "version": 1,
      "maximum_range": 1.0,
      "resolution": 1.0,
      "power": 0.0010000000474974513,
      "min_delay": -1,
      "fifo_reserved_event_count": 0,
      "fifo_max_event_count": 0,
      "string_type": "com.google.sensor.single_touch",
      "id": 0,
      "max_delay": 0,
      "is_wake_up_sensor": true,
      "is_dynamic_sensor": false,
      "is_additional_info_supported": false,
      "highest_direct_report_rate_level": 0,
      "supported_direct_channel_type": []
    },
    {
      "reporting_mode": 2,
      "name": "Proximity Gated Long Press Gesture (wake-up)",
      "vendor": "Google",
      "type": 131085,
      "version": 1,
      "maximum_range": 1.0,
      "resolution": 1.0,
      "power": 0.0010000000474974513,
      "min_delay": -1,
      "fifo_reserved_event_count": 0,
      "fifo_max_event_count": 0,
      "string_type": "com.google.sensor.long_press",
      "id": 0,
      "max_delay": 0,
      "is_wake_up_sensor": true,
      "is_dynamic_sensor": false,
      "is_additional_info_supported": false,
      "highest_direct_report_rate_level": 0,
      "supported_direct_channel_type": []
    },
    {
      "reporting_mode": 2,
      "name": "Quick Pickup Sensor (wake-up)",
      "vendor": "Google",
      "type": 131087,
      "version": 1,
      "maximum_range": 1.0,
      "resolution": 1.0,
      "power": 0.0010000000474974513,
      "min_delay": -1,
      "fifo_reserved_event_count": 0,
      "fifo_max_event_count": 0,
      "string_type": "com.google.sensor.quick_pickup",
      "id": 0,
      "max_delay": 0,
      "is_wake_up_sensor": true,
      "is_dynamic_sensor": false,
      "is_additional_info_supported": false,
      "highest_direct_report_rate_level": 0,
      "supported_direct_channel_type": []
    },
    {
      "reporting_mode": 1,
      "name": "Auto Brightness",
      "vendor": "Google",
      "type": 131088,
      "version": 1,
      "maximum_range": 1000000.0,
      "resolution": 0.0010000000474974513,
      "power": 0.0010000000474974513,
      "min_delay": 0,
      "fifo_reserved_event_count": 100,
      "fifo_max_event_count": 100,
      "string_type": "com.google.sensor.auto_brightness",
      "id": 0,
      "max_delay": 1000000,
      "is_wake_up_sensor": false,
      "is_dynamic_sensor": false,
      "is_additional_info_supported": false,
      "highest_direct_report_rate_level": 0,
      "supported_direct_channel_type": []
    }
  ]
}