{
  "cpu_info": "processor\t: 0\nBogoMIPS\t: 49.15\nFeatures\t: fp asimd evtstrm aes pmull sha1 sha2 crc32 atomics fphp asimdhp cpuid asimdrdm lrcpc dcpop asimddp\nCPU implementer\t: 0x41\nCPU architecture: 8\nCPU variant\t: 0x2\nCPU part\t: 0xd05\nCPU revision\t: 0\n\nprocessor\t: 1\nBogoMIPS\t: 49.15\nFeatures\t: fp asimd evtstrm aes pmull sha1 sha2 crc32 atomics fphp asimdhp cpuid asimdrdm lrcpc dcpop asimddp\nCPU implementer\t: 0x41\nCPU architecture: 8\nCPU variant\t: 0x2\nCPU part\t: 0xd05\nCPU revision\t: 0\n\nprocessor\t: 2\nBogoMIPS\t: 49.15\nFeatures\t: fp asimd evtstrm aes pmull sha1 sha2 crc32 atomics fphp asimdhp cpuid asimdrdm lrcpc dcpop asimddp\nCPU implementer\t: 0x41\nCPU architecture: 8\nCPU variant\t: 0x2\nCPU part\t: 0xd05\nCPU revision\t: 0\n\nprocessor\t: 3\nBogoMIPS\t: 49.15\nFeatures\t: fp asimd evtstrm aes pmull sha1 sha2 crc32 atomics fphp asimdhp cpuid asimdrdm lrcpc dcpop asimddp\nCPU implementer\t: 0x41\nCPU architecture: 8\nCPU variant\t: 0x2\nCPU part\t: 0xd05\nCPU revision\t: 0\n\nprocessor\t: 4\nBogoMIPS\t: 49.15\nFeatures\t: fp asimd e",
  "os_name": "Linux",
  "node_name": "localhost",
  "os_release": "5.10.198-android13-4-00050-g12f3388846c3-ab11920634",
  "os_version": "#1 SMP PREEMPT Mon Jun 3 20:51:42 UTC 2024",
  "hardware_id": "aarch64",
  "kernel_version": "5.10.198",
  "sepolicy_version": "202404",
  "hals": [
    "android.frameworks.cameraservice.service@2",
    "android.frameworks.cameraservice.service@2.2",
    "android.frameworks.location.altitude@2",
    "android.frameworks.sensorservice@1",
    "android.frameworks.sensorservice@1.0",
    "android.frameworks.stats@2",
    "android.frameworks.vibrator@1",
    "android.hardware.audio.effect@7.0",
    "android.hardware.audio@7.1",
    "android.hardware.authsecret@1",
    "android.hardware.biometrics.fingerprint@3",
    "android.hardware.bluetooth.audio@4",
    "android.hardware.bluetooth@1",
    "android.hardware.boot@1",
    "android.hardware.camera.provider@3",
    "android.hardware.cas@1.2",
    "android.hardware.confirmationui@1",
    "android.hardware.contexthub@3",
    "android.hardware.drm@1",
    "android.hardware.dumpstate@1",
    "android.hardware.gatekeeper@1",
    "android.hardware.gnss@3",
    "android.hardware.graphics.allocator@1",
    "android.hardware.graphics.composer3@3",
    "android.hardware.graphics.mapper@4.0",
    "android.hardware.health.storage@1",
    "android.hardware.health@3",
    "android.hardware.identity@5",
    "android.hardware.input.processor@1",
    "android.hardware.media.c2@1.2",
    "android.hardware.memtrack@1",
    "android.hardware.neuralnetworks@4",
    "android.hardware.nfc@1",
    "android.hardware.oemlock@1",
    "android.hardware.power.stats@2",
    "android.hardware.power@5",
    "android.hardware.radio.config@1",
    "android.hardware.radio.data@1",
    "android.hardware.radio.messaging@1",
    "android.hardware.radio.modem@1",
    "android.hardware.radio.network@1",
    "android.hardware.radio.sim@1",
    "android.hardware.radio.voice@1",
    "android.hardware.radio@1.2",
    "android.hardware.secure_element@1.2",
    "android.hardware.security.keymint@3",
    "android.hardware.security.secureclock@1",
    "android.hardware.security.sharedsecret@1",
    "android.hardware.sensors@2",
    "android.hardware.soundtrigger@2.3",
    "android.hardware.thermal@2",
    "android.hardware.usb.gadget@1",
    "android.hardware.usb@3",
    "android.hardware.vibrator@2",
    "android.hardware.weaver@2",
    "android.hardware.wifi.hostapd@2",
    "android.hardware.wifi.supplicant@3",
    "android.hardware.wifi@2",
    "android.hidl.allocator@1.0",
    "android.hidl.manager@1.2",
    "android.hidl.memory@1.0",
    "android.hidl.token@1.0",
    "android.system.keystore2@4",
    "android.system.net.netd@1",
    "android.system.net.netd@1.1",
    "android.system.suspend@1",
    "android.system.wifi.keystore@1.0",
    "com.google.edgetpu.dba@1",
    "com.google.edgetpu@2",
    "com.google.hardware.pixel.display@10",
    "com.google.input@2",
    "vendor.goodix.hardware.biometrics.fingerprint@2.1",
    "vendor.google.audiometricext@1.0",
    "vendor.google.battery_mitigation@1",
    "vendor.google.bluetooth_ext@1",
    "vendor.google.whitechapel.audio.audioext@4.0",
    "vendor.google.wifi_ext@2",
    "vendor.samsung_slsi.telephony.hardware.oemservice@1.0",
    "vendor.samsung_slsi.telephony.hardware.radioExternal@1.1"
  ],
  "vndk_snapshots": [],
  "target_fcm_version": 7,
  "platform_sepolicy_version": "202404"
}