{
  "device_groups": [
    {
      "devices": [
        0
      ],
      "subset_allocation": false
    }
  ],
  "layers": [],
  "extensions": [
    {
      "extension_name": "VK_KHR_surface",
      "spec_version": 25
    },
    {
      "extension_name": "VK_KHR_surface_protected_capabilities",
      "spec_version": 1
    },
    {
      "extension_name": "VK_KHR_android_surface",
      "spec_version": 6
    },
    {
      "extension_name": "VK_EXT_swapchain_colorspace",
      "spec_version": 4
    },
    {
      "extension_name": "VK_KHR_get_surface_capabilities2",
      "spec_version": 1
    },
    {
      "extension_name": "VK_GOOGLE_surfaceless_query",
      "spec_version": 2
    },
    {
      "extension_name": "VK_EXT_surface_maintenance1",
      "spec_version": 1
    },
    {
      "extension_name": "VK_KHR_device_group_creation",
      "spec_version": 1
    },
    {
      "extension_name": "VK_KHR_external_fence_capabilities",
      "spec_version": 1
    },
    {
      "extension_name": "VK_KHR_external_memory_capabilities",
      "spec_version": 1
    },
    {
      "extension_name": "VK_KHR_external_semaphore_capabilities",
      "spec_version": 1
    },
    {
      "extension_name": "VK_KHR_get_physical_device_properties2",
      "spec_version": 2
    },
    {
      "extension_name": "VK_EXT_debug_report",
      "spec_version": 10
    },
    {
      "extension_name": "VK_EXT_debug_utils",
      "spec_version": 2
    }
  ],
  "devices": [
    {
      "properties": {
        "api_version": 4206861,
        "driver_version": 197132288,
        "vendor_id": 5045,
        "device_id": 2824994816,
        "device_type": 1,
        "device_name": "Mali-G710",
        "pipeline_cache_uuid": [
          255,
          66,
          227,
          58,
          238,
          159,
          173,
          42,
          119,
          206,
          73,
          4,
          91,
          156,
          202,
          197
        ],
        "limits": {
          "max_image_dimension_1d": 32768,
          "max_image_dimension_2d": 32768,
          "max_image_dimension_3d": 32768,
          "max_image_dimension_cube": 32768,
          "max_image_array_layers": 4096,
          "max_texel_buffer_elements": 268435456,
          "max_uniform_buffer_range": 2147483648,
          "max_storage_buffer_range": 2147483648,
          "max_push_constants_size": 256,
          "max_memory_allocation_count": 16384,
          "max_sampler_allocation_count": 4294967295,
          "buffer_image_granularity": "0x0000000000000001",
          "sparse_address_space_size": "0x0000000000000000",
          "max_bound_descriptor_sets": 7,
          "max_per_stage_descriptor_samplers": 500000,
          "max_per_stage_descriptor_uniform_buffers": 500000,
          "max_per_stage_descriptor_storage_buffers": 500000,
          "max_per_stage_descriptor_sampled_images": 500000,
          "max_per_stage_descriptor_storage_images": 500000,
          "max_per_stage_descriptor_input_attachments": 9,
          "max_per_stage_resources": 500000,
          "max_descriptor_set_samplers": 500000,
          "max_descriptor_set_uniform_buffers": 500000,
          "max_descriptor_set_uniform_buffers_dynamic": 32,
          "max_descriptor_set_storage_buffers": 500000,
          "max_descriptor_set_storage_buffers_dynamic": 32,
          "max_descriptor_set_sampled_images": 500000,
          "max_descriptor_set_storage_images": 500000,
          "max_descriptor_set_input_attachments": 9,
          "max_vertex_input_attributes": 32,
          "max_vertex_input_bindings": 32,
          "max_vertex_input_attribute_offset": 2047,
          "max_vertex_input_binding_stride": 2048,
          "max_vertex_output_components": 128,
          "max_tessellation_generation_level": 64,
          "max_tessellation_patch_size": 32,
          "max_tessellation_control_per_vertex_input_components": 128,
          "max_tessellation_control_per_vertex_output_components": 128,
          "max_tessellation_control_per_patch_output_components": 120,
          "max_tessellation_control_total_output_components": 4096,
          "max_tessellation_evaluation_input_components": 128,
          "max_tessellation_evaluation_output_components": 128,
          "max_geometry_shader_invocations": 32,
          "max_geometry_input_components": 128,
          "max_geometry_output_components": 128,
          "max_geometry_output_vertices": 256,
          "max_geometry_total_output_components": 2048,
          "max_fragment_input_components": 128,
          "max_fragment_output_attachments": 8,
          "max_fragment_dual_src_attachments": 8,
          "max_fragment_combined_output_resources": 1000008,
          "max_compute_shared_memory_size": 32768,
          "max_compute_work_group_count": [
            4294967295,
            4294967295,
            4294967295
          ],
          "max_compute_work_group_invocations": 1024,
          "max_compute_work_group_size": [
            1024,
            1024,
            1024
          ],
          "sub_pixel_precision_bits": 8,
          "sub_texel_precision_bits": 8,
          "mipmap_precision_bits": 8,
          "max_draw_indexed_index_value": 4294967295,
          "max_draw_indirect_count": 4294967295,
          "max_sampler_lod_bias": 126.0,
          "max_sampler_anisotropy": 16.0,
          "max_viewports": 1,
          "max_viewport_dimensions": [
            32768,
            32768
          ],
          "viewport_bounds_range": [
            -65536.0,
            65535.0
          ],
          "viewport_sub_pixel_bits": 0,
          "min_memory_map_alignment": "0x0000000000000040",
          "min_texel_buffer_offset_alignment": "0x0000000000000040",
          "min_uniform_buffer_offset_alignment": "0x0000000000000010",
          "min_storage_buffer_offset_alignment": "0x0000000000000040",
          "min_texel_offset": -8,
          "max_texel_offset": 7,
          "min_texel_gather_offset": -8,
          "max_texel_gather_offset": 7,
          "min_interpolation_offset": -0.5,
          "max_interpolation_offset": 0.4375,
          "sub_pixel_interpolation_offset_bits": 4,
          "max_framebuffer_width": 32768,
          "max_framebuffer_height": 32768,
          "max_framebuffer_layers": 256,
          "framebuffer_color_sample_counts": 29,
          "framebuffer_depth_sample_counts": 29,
          "framebuffer_stencil_sample_counts": 29,
          "framebuffer_no_attachments_sample_counts": 29,
          "max_color_attachments": 8,
          "sampled_image_color_sample_counts": 29,
          "sampled_image_integer_sample_counts": 29,
          "sampled_image_depth_sample_counts": 29,
          "sampled_image_stencil_sample_counts": 29,
          "storage_image_sample_counts": 1,
          "max_sample_mask_words": 1,
          "timestamp_compute_and_graphics": true,
          "timestamp_period": 40.69010543823242,
          "max_clip_distances": 0,
          "max_cull_distances": 0,
          "max_combined_clip_and_cull_distances": 0,
          "discrete_queue_priorities": 2,
          "point_size_range": [
            1.0,
            1024.0
          ],
          "line_width_range": [
            1.0,
            4095.9375
          ],
          "point_size_granularity": 0.0625,
          "line_width_granularity": 0.0625,
          "strict_lines": true,
          "standard_sample_locations": true,
          "optimal_buffer_copy_offset_alignment": "0x0000000000000040",
          "optimal_buffer_copy_row_pitch_alignment": "0x0000000000000040",
          "non_coherent_atom_size": "0x0000000000000040"
        },
        "sparse_properties": {
          "residency_standard_2d_block_shape": false,
          "residency_standard_2d_multisample_block_shape": false,
          "residency_standard_3d_block_shape": false,
          "residency_aligned_mip_size": false,
          "residency_non_resident_strict": false
        },
        "vulkan_12_properties": {
          "driver_id": 9,
          "driver_name": "Mali-G710",
          "driver_info": "v1.r47p0-01eac0.cd24a10f5ddffa4cfe272051060e786b",
          "conformance_version": {
            "major": 1,
            "minor": 3,
            "subminor": 7,
            "patch": 1
          },
          "denorm_behavior_independence": 1,
          "rounding_mode_independence": 1,
          "shader_signed_zero_inf_nan_preserve_float16": true,
          "shader_signed_zero_inf_nan_preserve_float32": true,
          "shader_signed_zero_inf_nan_preserve_float64": false,
          "shader_denorm_preserve_float16": true,
          "shader_denorm_preserve_float32": true,
          "shader_denorm_preserve_float64": false,
          "shader_denorm_flush_to_zero_float16": true,
          "shader_denorm_flush_to_zero_float32": true,
          "shader_denorm_flush_to_zero_float64": false,
          "shader_rounding_mode_rte_float16": true,
          "shader_rounding_mode_rte_float32": true,
          "shader_rounding_mode_rte_float64": false,
          "shader_rounding_mode_rtz_float16": true,
          "shader_rounding_mode_rtz_float32": true,
          "shader_rounding_mode_rtz_float64": false,
          "max_update_after_bind_descriptors_in_all_pools": 4294967295,
          "shader_uniform_buffer_array_nonuniform_indexing_native": false,
          "shader_sampled_image_array_nonuniform_indexing_native": false,
          "shader_storage_buffer_array_nonuniform_indexing_native": true,
          "shader_storage_image_array_nonuniform_indexing_native": false,
          "shader_input_attachment_array_nonuniform_indexing_native": false,
          "robust_buffer_access_update_after_bind": true,
          "quad_divergent_implicit_lod": false,
          "max_per_stage_descriptor_update_after_bind_samplers": 500000,
          "max_per_stage_descriptor_update_after_bind_uniform_buffers": 500000,
          "max_per_stage_descriptor_update_after_bind_storage_buffers": 500000,
          "max_per_stage_descriptor_update_after_bind_sampled_images": 500000,
          "max_per_stage_descriptor_update_after_bind_storage_images": 500000,
          "max_per_stage_descriptor_update_after_bind_input_attachments": 9,
          "max_per_stage_update_after_bind_resources": 500000,
          "max_descriptor_set_update_after_bind_samplers": 500000,
          "max_descriptor_set_update_after_bind_uniform_buffers": 500000,
          "max_descriptor_set_update_after_bind_uniform_buffers_dynamic": 32,
          "max_descriptor_set_update_after_bind_storage_buffers": 500000,
          "max_descriptor_set_update_after_bind_storage_buffers_dynamic": 32,
          "max_descriptor_set_update_after_bind_sampled_images": 500000,
          "max_descriptor_set_update_after_bind_storage_images": 500000,
          "max_descriptor_set_update_after_bind_input_attachments": 9,
          "supported_depth_resolve_modes": 1,
          "supported_stencil_resolve_modes": 1,
          "independent_resolve_none": false,
          "independent_resolve": false,
          "filter_minmax_single_component_formats": true,
          "filter_minmax_image_component_mapping": true,
          "max_timeline_semaphore_value_difference": "0xffffffffffffffff",
          "framebuffer_integer_color_sample_counts": 29
        },
        "vulkan_13_properties": {
          "min_subgroup_size": 16,
          "max_subgroup_size": 16,
          "max_compute_workgroup_subgroups": 64,
          "required_subgroup_size_stages": 48,
          "max_inline_uniform_block_size": 65536,
          "max_per_stage_descriptor_inline_uniform_blocks": 32,
          "max_per_stage_descriptor_update_after_bind_inline_uniform_blocks": 32,
          "max_descriptor_set_inline_uniform_blocks": 192,
          "max_descriptor_set_update_after_bind_inline_uniform_blocks": 192,
          "max_inline_uniform_total_size": 12582912,
          "integer_dot_product_8bit_unsigned_accelerated": true,
          "integer_dot_product_8bit_signed_accelerated": true,
          "integer_dot_product_8bit_mixed_signedness_accelerated": false,
          "integer_dot_product_4x8bit_packed_unsigned_accelerated": true,
          "integer_dot_product_4x8bit_packed_signed_accelerated": true,
          "integer_dot_product_4x8bit_packed_mixed_signedness_accelerated": false,
          "integer_dot_product_16bit_unsigned_accelerated": false,
          "integer_dot_product_16bit_signed_accelerated": false,
          "integer_dot_product_16bit_mixed_signedness_accelerated": false,
          "integer_dot_product_32bit_unsigned_accelerated": false,
          "integer_dot_product_32bit_signed_accelerated": false,
          "integer_dot_product_32bit_mixed_signedness_accelerated": false,
          "integer_dot_product_64bit_unsigned_accelerated": false,
          "integer_dot_product_64bit_signed_accelerated": false,
          "integer_dot_product_64bit_mixed_signedness_accelerated": false,
          "integer_dot_product_accumulating_saturating_8bit_unsigned_accelerated": true,
          "integer_dot_product_accumulating_saturating_8bit_signed_accelerated": true,
          "integer_dot_product_accumulating_saturating_8bit_mixed_signedness_accelerated": false,
          "integer_dot_product_accumulating_saturating_4x8bit_packed_unsigned_accelerated": true,
          "integer_dot_product_accumulating_saturating_4x8bit_packed_signed_accelerated": true,
          "integer_dot_product_accumulating_saturating_4x8bit_packed_mixed_signedness_accelerated": false,
          "integer_dot_product_accumulating_saturating_16bit_unsigned_accelerated": false,
          "integer_dot_product_accumulating_saturating_16bit_signed_accelerated": false,
          "integer_dot_product_accumulating_saturating_16bit_mixed_signedness_accelerated": false,
          "integer_dot_product_accumulating_saturating_32bit_unsigned_accelerated": false,
          "integer_dot_product_accumulating_saturating_32bit_signed_accelerated": false,
          "integer_dot_product_accumulating_saturating_32bit_mixed_signedness_accelerated": false,
          "integer_dot_product_accumulating_saturating_64bit_unsigned_accelerated": false,
          "integer_dot_product_accumulating_saturating_64bit_signed_accelerated": false,
          "integer_dot_product_accumulating_saturating_64bit_mixed_signedness_accelerated": false,
          "storage_texel_buffer_offset_alignment_bytes": "0x0000000000000040",
          "storage_texel_buffer_offset_single_texel_alignment": false,
          "uniform_texel_buffer_offset_alignment_bytes": "0x0000000000000004",
          "uniform_texel_buffer_offset_single_texel_alignment": true,
          "max_buffer_size": "0x00000000ffffffff"
        }
      },
      "features": {
        "robust_buffer_access": true,
        "full_draw_index_uint32": true,
        "image_cube_array": true,
        "independent_blend": true,
        "geometry_shader": true,
        "tessellation_shader": true,
        "sample_rate_shading": true,
        "dual_src_blend": true,
        "logic_op": true,
        "multi_draw_indirect": true,
        "draw_indirect_first_instance": true,
        "depth_clamp": true,
        "depth_bias_clamp": true,
        "fill_mode_non_solid": false,
        "depth_bounds": false,
        "wide_lines": true,
        "large_points": true,
        "alpha_to_one": false,
        "multi_viewport": false,
        "sampler_anisotropy": true,
        "texture_compression_etc2": true,
        "texture_compression_astc_ldr": true,
        "texture_compression_bc": false,
        "occlusion_query_precise": true,
        "pipeline_statistics_query": false,
        "vertex_pipeline_stores_and_atomics": false,
        "fragment_stores_and_atomics": true,
        "shader_tessellation_and_geometry_point_size": false,
        "shader_image_gather_extended": true,
        "shader_storage_image_extended_formats": true,
        "shader_storage_image_multisample": false,
        "shader_storage_image_read_without_format": true,
        "shader_storage_image_write_without_format": true,
        "shader_uniform_buffer_array_dynamic_indexing": true,
        "shader_sampled_image_array_dynamic_indexing": true,
        "shader_storage_buffer_array_dynamic_indexing": true,
        "shader_storage_image_array_dynamic_indexing": true,
        "shader_clip_distance": false,
        "shader_cull_distance": false,
        "shader_float64": false,
        "shader_int64": true,
        "shader_int16": true,
        "shader_resource_residency": false,
        "shader_resource_min_lod": false,
        "sparse_binding": false,
        "sparse_residency_buffer": false,
        "sparse_residency_image_2d": false,
        "sparse_residency_image_3d": false,
        "sparse_residency_2_samples": false,
        "sparse_residency_4_samples": false,
        "sparse_residency_8_samples": false,
        "sparse_residency_16_samples": false,
        "sparse_residency_aliased": false,
        "variable_multisample_rate": false,
        "inherited_queries": false,
        "vulkan_12_features": {
          "sampler_mirror_clamp_to_edge": true,
          "draw_indirect_count": true,
          "storage_buffer_8bit_access": true,
          "uniform_and_storage_buffer_8bit_access": true,
          "storage_push_constant8": true,
          "shader_buffer_int64_atomics": true,
          "shader_shared_int64_atomics": true,
          "shader_float16": true,
          "shader_int8": true,
          "descriptor_indexing": true,
          "shader_input_attachment_array_dynamic_indexing": true,
          "shader_uniform_texel_buffer_array_dynamic_indexing": true,
          "shader_storage_texel_buffer_array_dynamic_indexing": true,
          "shader_uniform_buffer_array_non_uniform_indexing": true,
          "shader_sampled_image_array_non_uniform_indexing": true,
          "shader_storage_buffer_array_non_uniform_indexing": true,
          "shader_storage_image_array_non_uniform_indexing": true,
          "shader_input_attachment_array_non_uniform_indexing": true,
          "shader_uniform_texel_buffer_array_non_uniform_indexing": true,
          "shader_storage_texel_buffer_array_non_uniform_indexing": true,
          "descriptor_binding_uniform_buffer_update_after_bind": true,
          "descriptor_binding_sampled_image_update_after_bind": true,
          "descriptor_binding_storage_image_update_after_bind": true,
          "descriptor_binding_storage_buffer_update_after_bind": true,
          "descriptor_binding_uniform_texel_buffer_update_after_bind": true,
          "descriptor_binding_storage_texel_buffer_update_after_bind": true,
          "descriptor_binding_update_unused_while_pending": true,
          "descriptor_binding_partially_bound": true,
          "descriptor_binding_variable_descriptor_count": true,
          "runtime_descriptor_array": true,
          "sampler_filter_minmax": true,
          "scalar_block_layout": true,
          "imageless_framebuffer": true,
          "uniform_buffer_standard_layout": true,
          "shader_subgroup_extended_types": true,
          "separate_depth_stencil_layouts": true,
          "host_query_reset": true,
          "timeline_semaphore": true,
          "buffer_device_address": true,
          "buffer_device_address_capture_replay": true,
          "buffer_device_address_multi_device": false,
          "vulkan_memory_model": true,
          "vulkan_memory_model_device_scope": true,
          "vulkan_memory_model_availability_visibility_chains": true,
          "shader_output_viewport_index": true,
          "shader_output_layer": true,
          "subgroup_broadcast_dynamic_id": true
        },
        "vulkan_13_features": {
          "robust_image_access": true,
          "inline_uniform_block": true,
          "descriptor_binding_inline_uniform_block_update_after_bind": true,
          "pipeline_creation_cache_control": true,
          "private_data": true,
          "shader_demote_to_helper_invocation": true,
          "shader_terminate_invocation": true,
          "subgroup_size_control": true,
          "compute_full_subgroups": true,
          "synchronization2": true,
          "texture_compression_astc_hdr": true,
          "shader_zero_initialize_workgroup_memory": true,
          "dynamic_rendering": true,
          "shader_integer_dot_product": true,
          "maintenance4": true
        }
      },
      "memory": {
        "memory_type_count": 4,
        "memory_types": [
          {
            "property_flags": 7,
            "heap_index": 0
          },
          {
            "property_flags": 11,
            "heap_index": 0
          },
          {
            "property_flags": 17,
            "heap_index": 0
          },
          {
            "property_flags": 33,
            "heap_index": 1
          }
        ],
        "memory_heap_count": 2,
        "memory_heaps": [
          {
            "size": "0x00000001d3328000",
            "flags": 1
          },
          {
            "size": "0x0000000006400000",
            "flags": 1
          }
        ]
      },
      "queues": [
        {
          "queue_flags": 23,
          "queue_count": 2,
          "timestamp_valid_bits": 64,
          "min_image_transfer_granularity": {
            "width": 1,
            "height": 1,
            "depth": 1
          }
        }
      ],
      "layers": [],
      "extensions": [
        {
          "extension_name": "VK_KHR_incremental_present",
          "spec_version": 2
        },
        {
          "extension_name": "VK_EXT_hdr_metadata",
          "spec_version": 2
        },
        {
          "extension_name": "VK_KHR_shared_presentable_image",
          "spec_version": 1
        },
        {
          "extension_name": "VK_GOOGLE_display_timing",
          "spec_version": 1
        },
        {
          "extension_name": "VK_EXT_image_compression_control",
          "spec_version": 1
        },
        {
          "extension_name": "VK_EXT_image_compression_control_swapchain",
          "spec_version": 1
        },
        {
          "extension_name": "VK_EXT_swapchain_maintenance1",
          "spec_version": 1
        },
        {
          "extension_name": "VK_KHR_16bit_storage",
          "spec_version": 1
        },
        {
          "extension_name": "VK_KHR_8bit_storage",
          "spec_version": 1
        },
        {
          "extension_name": "VK_KHR_bind_memory2",
          "spec_version": 1
        },
        {
          "extension_name": "VK_KHR_buffer_device_address",
          "spec_version": 1
        },
        {
          "extension_name": "VK_KHR_create_renderpass2",
          "spec_version": 1
        },
        {
          "extension_name": "VK_KHR_copy_commands2",
          "spec_version": 1
        },
        {
          "extension_name": "VK_KHR_dedicated_allocation",
          "spec_version": 3
        },
        {
          "extension_name": "VK_KHR_depth_stencil_resolve",
          "spec_version": 1
        },
        {
          "extension_name": "VK_KHR_descriptor_update_template",
          "spec_version": 1
        },
        {
          "extension_name": "VK_KHR_device_group",
          "spec_version": 4
        },
        {
          "extension_name": "VK_KHR_draw_indirect_count",
          "spec_version": 1
        },
        {
          "extension_name": "VK_KHR_driver_properties",
          "spec_version": 1
        },
        {
          "extension_name": "VK_KHR_dynamic_rendering",
          "spec_version": 1
        },
        {
          "extension_name": "VK_EXT_extended_dynamic_state",
          "spec_version": 1
        },
        {
          "extension_name": "VK_EXT_extended_dynamic_state2",
          "spec_version": 1
        },
        {
          "extension_name": "VK_KHR_external_fence",
          "spec_version": 1
        },
        {
          "extension_name": "VK_KHR_external_fence_fd",
          "spec_version": 1
        },
        {
          "extension_name": "VK_KHR_external_memory",
          "spec_version": 1
        },
        {
          "extension_name": "VK_KHR_external_memory_fd",
          "spec_version": 1
        },
        {
          "extension_name": "VK_KHR_external_semaphore",
          "spec_version": 1
        },
        {
          "extension_name": "VK_KHR_external_semaphore_fd",
          "spec_version": 1
        },
        {
          "extension_name": "VK_KHR_format_feature_flags2",
          "spec_version": 2
        },
        {
          "extension_name": "VK_KHR_get_memory_requirements2",
          "spec_version": 1
        },
        {
          "extension_name": "VK_KHR_global_priority",
          "spec_version": 1
        },
        {
          "extension_name": "VK_KHR_image_format_list",
          "spec_version": 1
        },
        {
          "extension_name": "VK_KHR_imageless_framebuffer",
          "spec_version": 1
        },
        {
          "extension_name": "VK_KHR_maintenance1",
          "spec_version": 2
        },
        {
          "extension_name": "VK_KHR_maintenance2",
          "spec_version": 1
        },
        {
          "extension_name": "VK_KHR_maintenance3",
          "spec_version": 1
        },
        {
          "extension_name": "VK_KHR_maintenance4",
          "spec_version": 2
        },
        {
          "extension_name": "VK_KHR_multiview",
          "spec_version": 1
        },
        {
          "extension_name": "VK_KHR_relaxed_block_layout",
          "spec_version": 1
        },
        {
          "extension_name": "VK_KHR_sampler_mirror_clamp_to_edge",
          "spec_version": 3
        },
        {
          "extension_name": "VK_KHR_sampler_ycbcr_conversion",
          "spec_version": 14
        },
        {
          "extension_name": "VK_KHR_separate_depth_stencil_layouts",
          "spec_version": 1
        },
        {
          "extension_name": "VK_KHR_shader_draw_parameters",
          "spec_version": 1
        },
        {
          "extension_name": "VK_KHR_shader_float16_int8",
          "spec_version": 1
        },
        {
          "extension_name": "VK_KHR_shader_float_controls",
          "spec_version": 4
        },
        {
          "extension_name": "VK_KHR_shader_integer_dot_product",
          "spec_version": 1
        },
        {
          "extension_name": "VK_KHR_shader_non_semantic_info",
          "spec_version": 1
        },
        {
          "extension_name": "VK_KHR_shader_subgroup_extended_types",
          "spec_version": 1
        },
        {
          "extension_name": "VK_KHR_spirv_1_4",
          "spec_version": 1
        },
        {
          "extension_name": "VK_KHR_storage_buffer_storage_class",
          "spec_version": 1
        },
        {
          "extension_name": "VK_KHR_timeline_semaphore",
          "spec_version": 2
        },
        {
          "extension_name": "VK_KHR_uniform_buffer_standard_layout",
          "spec_version": 1
        },
        {
          "extension_name": "VK_KHR_variable_pointers",
          "spec_version": 1
        },
        {
          "extension_name": "VK_KHR_vulkan_memory_model",
          "spec_version": 3
        },
        {
          "extension_name": "VK_KHR_zero_initialize_workgroup_memory",
          "spec_version": 1
        },
        {
          "extension_name": "VK_EXT_astc_decode_mode",
          "spec_version": 1
        },
        {
          "extension_name": "VK_EXT_depth_clamp_zero_one",
          "spec_version": 1
        },
        {
          "extension_name": "VK_EXT_device_address_binding_report",
          "spec_version": 1
        },
        {
          "extension_name": "VK_EXT_device_fault",
          "spec_version": 2
        },
        {
          "extension_name": "VK_EXT_calibrated_timestamps",
          "spec_version": 2
        },
        {
          "extension_name": "VK_EXT_debug_marker",
          "spec_version": 4
        },
        {
          "extension_name": "VK_EXT_descriptor_indexing",
          "spec_version": 2
        },
        {
          "extension_name": "VK_EXT_fragment_density_map",
          "spec_version": 2
        },
        {
          "extension_name": "VK_EXT_fragment_density_map2",
          "spec_version": 1
        },
        {
          "extension_name": "VK_EXT_global_priority",
          "spec_version": 2
        },
        {
          "extension_name": "VK_EXT_global_priority_query",
          "spec_version": 1
        },
        {
          "extension_name": "VK_EXT_host_query_reset",
          "spec_version": 1
        },
        {
          "extension_name": "VK_EXT_image_robustness",
          "spec_version": 1
        },
        {
          "extension_name": "VK_EXT_image_2d_view_of_3d",
          "spec_version": 1
        },
        {
          "extension_name": "VK_EXT_index_type_uint8",
          "spec_version": 1
        },
        {
          "extension_name": "VK_EXT_inline_uniform_block",
          "spec_version": 1
        },
        {
          "extension_name": "VK_EXT_line_rasterization",
          "spec_version": 1
        },
        {
          "extension_name": "VK_EXT_load_store_op_none",
          "spec_version": 1
        },
        {
          "extension_name": "VK_EXT_pipeline_creation_cache_control",
          "spec_version": 3
        },
        {
          "extension_name": "VK_EXT_pipeline_creation_feedback",
          "spec_version": 1
        },
        {
          "extension_name": "VK_EXT_pipeline_robustness",
          "spec_version": 1
        },
        {
          "extension_name": "VK_EXT_primitives_generated_query",
          "spec_version": 1
        },
        {
          "extension_name": "VK_EXT_primitive_topology_list_restart",
          "spec_version": 1
        },
        {
          "extension_name": "VK_EXT_private_data",
          "spec_version": 1
        },
        {
          "extension_name": "VK_EXT_provoking_vertex",
          "spec_version": 1
        },
        {
          "extension_name": "VK_EXT_queue_family_foreign",
          "spec_version": 1
        },
        {
          "extension_name": "VK_EXT_shader_image_atomic_int64",
          "spec_version": 1
        },
        {
          "extension_name": "VK_KHR_shader_atomic_int64",
          "spec_version": 1
        },
        {
          "extension_name": "VK_EXT_device_memory_report",
          "spec_version": 2
        },
        {
          "extension_name": "VK_ARM_rasterization_order_attachment_access",
          "spec_version": 1
        },
        {
          "extension_name": "VK_EXT_rasterization_order_attachment_access",
          "spec_version": 1
        },
        {
          "extension_name": "VK_EXT_sampler_filter_minmax",
          "spec_version": 2
        },
        {
          "extension_name": "VK_EXT_scalar_block_layout",
          "spec_version": 1
        },
        {
          "extension_name": "VK_EXT_separate_stencil_usage",
          "spec_version": 1
        },
        {
          "extension_name": "VK_EXT_subgroup_size_control",
          "spec_version": 2
        },
        {
          "extension_name": "VK_EXT_texture_compression_astc_hdr",
          "spec_version": 1
        },
        {
          "extension_name": "VK_EXT_shader_subgroup_ballot",
          "spec_version": 1
        },
        {
          "extension_name": "VK_EXT_shader_subgroup_vote",
          "spec_version": 1
        },
        {
          "extension_name": "VK_EXT_texel_buffer_alignment",
          "spec_version": 1
        },
        {
          "extension_name": "VK_EXT_transform_feedback",
          "spec_version": 1
        },
        {
          "extension_name": "VK_EXT_external_memory_dma_buf",
          "spec_version": 1
        },
        {
          "extension_name": "VK_EXT_image_drm_format_modifier",
          "spec_version": 2
        },
        {
          "extension_name": "VK_EXT_custom_border_color",
          "spec_version": 12
        },
        {
          "extension_name": "VK_EXT_border_color_swizzle",
          "spec_version": 1
        },
        {
          "extension_name": "VK_ANDROID_external_memory_android_hardware_buffer",
          "spec_version": 5
        },
        {
          "extension_name": "VK_KHR_swapchain",
          "spec_version": 70
        },
        {
          "extension_name": "VK_EXT_multisampled_render_to_single_sampled",
          "spec_version": 1
        },
        {
          "extension_name": "VK_ARM_shader_core_builtins",
          "spec_version": 2
        },
        {
          "extension_name": "VK_KHR_shader_terminate_invocation",
          "spec_version": 1
        },
        {
          "extension_name": "VK_EXT_shader_demote_to_helper_invocation",
          "spec_version": 1
        },
        {
          "extension_name": "VK_EXT_subpass_merge_feedback",
          "spec_version": 2
        },
        {
          "extension_name": "VK_EXT_rgba10x6_formats",
          "spec_version": 1
        },
        {
          "extension_name": "VK_EXT_4444_formats",
          "spec_version": 1
        },
        {
          "extension_name": "VK_KHR_synchronization2",
          "spec_version": 1
        },
        {
          "extension_name": "VK_EXT_frame_boundary",
          "spec_version": 1
        },
        {
          "extension_name": "VK_EXT_pipeline_protected_access",
          "spec_version": 1
        },
        {
          "extension_name": "VK_EXT_shader_tile_image",
          "spec_version": 1
        },
        {
          "extension_name": "VK_EXT_legacy_dithering",
          "spec_version": 1
        },
        {
          "extension_name": "VK_EXT_external_memory_acquire_unmodified",
          "spec_version": 1
        },
        {
          "extension_name": "VK_EXT_tooling_info",
          "spec_version": 1
        },
        {
          "extension_name": "VK_ARM_scheduling_controls",
          "spec_version": 1
        },
        {
          "extension_name": "VK_ARM_shader_core_properties",
          "spec_version": 1
        },
        {
          "extension_name": "VK_EXT_depth_clip_enable",
          "spec_version": 1
        }
      ],
      "vk_khr_driver_properties": {
        "driver_properties_khr": {
          "driver_id": 9,
          "driver_name": "Mali-G710",
          "driver_info": "v1.r47p0-01eac0.cd24a10f5ddffa4cfe272051060e786b",
          "conformance_version": {
            "major": 1,
            "minor": 3,
            "subminor": 7,
            "patch": 1
          }
        }
      },
      "vk_khr_variable_pointers": {
        "variable_pointer_features_khr": {
          "variable_pointers_storage_buffer": true,
          "variable_pointers": true
        }
      },
      "supported_formats": [
        {
          "format": 1,
          "linear_tiling_features": 513025,
          "optimal_tiling_features": 513025,
          "buffer_features": 0
        },
        {
          "format": 2,
          "linear_tiling_features": 515457,
          "optimal_tiling_features": 515457,
          "buffer_features": 0
        },
        {
          "format": 3,
          "linear_tiling_features": 515457,
          "optimal_tiling_features": 515457,
          "buffer_features": 0
        },
        {
          "format": 4,
          "linear_tiling_features": 515459,
          "optimal_tiling_features": 515459,
          "buffer_features": 0
        },
        {
          "format": 5,
          "linear_tiling_features": 515459,
          "optimal_tiling_features": 515459,
          "buffer_features": 0
        },
        {
          "format": 6,
          "linear_tiling_features": 515459,
          "optimal_tiling_features": 515459,
          "buffer_features": 0
        },
        {
          "format": 7,
          "linear_tiling_features": 515459,
          "optimal_tiling_features": 515459,
          "buffer_features": 0
        },
        {
          "format": 8,
          "linear_tiling_features": 515459,
          "optimal_tiling_features": 515459,
          "buffer_features": 0
        },
        {
          "format": 9,
          "linear_tiling_features": 515459,
          "optimal_tiling_features": 515459,
          "buffer_features": 88
        },
        {
          "format": 10,
          "linear_tiling_features": 515459,
          "optimal_tiling_features": 515459,
          "buffer_features": 88
        },
        {
          "format": 11,
          "linear_tiling_features": 0,
          "optimal_tiling_features": 0,
          "buffer_features": 64
        },
        {
          "format": 12,
          "linear_tiling_features": 0,
          "optimal_tiling_features": 0,
          "buffer_features": 64
        },
        {
          "format": 13,
          "linear_tiling_features": 183427,
          "optimal_tiling_features": 183427,
          "buffer_features": 88
        },
        {
          "format": 14,
          "linear_tiling_features": 183427,
          "optimal_tiling_features": 183427,
          "buffer_features": 88
        },
        {
          "format": 15,
          "linear_tiling_features": 515201,
          "optimal_tiling_features": 515201,
          "buffer_features": 0
        },
        {
          "format": 16,
          "linear_tiling_features": 17292675,
          "optimal_tiling_features": 17292675,
          "buffer_features": 88
        },
        {
          "format": 17,
          "linear_tiling_features": 515459,
          "optimal_tiling_features": 515459,
          "buffer_features": 88
        },
        {
          "format": 18,
          "linear_tiling_features": 0,
          "optimal_tiling_features": 0,
          "buffer_features": 64
        },
        {
          "format": 19,
          "linear_tiling_features": 0,
          "optimal_tiling_features": 0,
          "buffer_features": 64
        },
        {
          "format": 20,
          "linear_tiling_features": 183427,
          "optimal_tiling_features": 183427,
          "buffer_features": 88
        },
        {
          "format": 21,
          "linear_tiling_features": 183427,
          "optimal_tiling_features": 183427,
          "buffer_features": 88
        },
        {
          "format": 22,
          "linear_tiling_features": 515201,
          "optimal_tiling_features": 515201,
          "buffer_features": 0
        },
        {
          "format": 23,
          "linear_tiling_features": 515459,
          "optimal_tiling_features": 515459,
          "buffer_features": 88
        },
        {
          "format": 24,
          "linear_tiling_features": 513025,
          "optimal_tiling_features": 513025,
          "buffer_features": 64
        },
        {
          "format": 25,
          "linear_tiling_features": 0,
          "optimal_tiling_features": 0,
          "buffer_features": 64
        },
        {
          "format": 26,
          "linear_tiling_features": 0,
          "optimal_tiling_features": 0,
          "buffer_features": 64
        },
        {
          "format": 27,
          "linear_tiling_features": 181249,
          "optimal_tiling_features": 181249,
          "buffer_features": 64
        },
        {
          "format": 28,
          "linear_tiling_features": 181249,
          "optimal_tiling_features": 181249,
          "buffer_features": 64
        },
        {
          "format": 29,
          "linear_tiling_features": 515201,
          "optimal_tiling_features": 515203,
          "buffer_features": 0
        },
        {
          "format": 30,
          "linear_tiling_features": 515457,
          "optimal_tiling_features": 515457,
          "buffer_features": 0
        },
        {
          "format": 31,
          "linear_tiling_features": 513025,
          "optimal_tiling_features": 513025,
          "buffer_features": 0
        },
        {
          "format": 32,
          "linear_tiling_features": 0,
          "optimal_tiling_features": 0,
          "buffer_features": 64
        },
        {
          "format": 33,
          "linear_tiling_features": 0,
          "optimal_tiling_features": 0,
          "buffer_features": 64
        },
        {
          "format": 34,
          "linear_tiling_features": 181249,
          "optimal_tiling_features": 181249,
          "buffer_features": 0
        },
        {
          "format": 35,
          "linear_tiling_features": 181249,
          "optimal_tiling_features": 181249,
          "buffer_features": 0
        },
        {
          "format": 36,
          "linear_tiling_features": 515203,
          "optimal_tiling_features": 515203,
          "buffer_features": 0
        },
        {
          "format": 37,
          "linear_tiling_features": 515459,
          "optimal_tiling_features": 515459,
          "buffer_features": 88
        },
        {
          "format": 38,
          "linear_tiling_features": 515459,
          "optimal_tiling_features": 515459,
          "buffer_features": 88
        },
        {
          "format": 39,
          "linear_tiling_features": 0,
          "optimal_tiling_features": 0,
          "buffer_features": 64
        },
        {
          "format": 40,
          "linear_tiling_features": 0,
          "optimal_tiling_features": 0,
          "buffer_features": 64
        },
        {
          "format": 41,
          "linear_tiling_features": 183427,
          "optimal_tiling_features": 183427,
          "buffer_features": 88
        },
        {
          "format": 42,
          "linear_tiling_features": 183427,
          "optimal_tiling_features": 183427,
          "buffer_features": 88
        },
        {
          "format": 43,
          "linear_tiling_features": 515459,
          "optimal_tiling_features": 515459,
          "buffer_features": 0
        },
        {
          "format": 44,
          "linear_tiling_features": 515459,
          "optimal_tiling_features": 515459,
          "buffer_features": 88
        },
        {
          "format": 45,
          "linear_tiling_features": 513027,
          "optimal_tiling_features": 513027,
          "buffer_features": 0
        },
        {
          "format": 46,
          "linear_tiling_features": 0,
          "optimal_tiling_features": 0,
          "buffer_features": 64
        },
        {
          "format": 47,
          "linear_tiling_features": 0,
          "optimal_tiling_features": 0,
          "buffer_features": 64
        },
        {
          "format": 48,
          "linear_tiling_features": 181249,
          "optimal_tiling_features": 181249,
          "buffer_features": 0
        },
        {
          "format": 49,
          "linear_tiling_features": 181249,
          "optimal_tiling_features": 181249,
          "buffer_features": 0
        },
        {
          "format": 50,
          "linear_tiling_features": 515459,
          "optimal_tiling_features": 515459,
          "buffer_features": 0
        },
        {
          "format": 51,
          "linear_tiling_features": 515459,
          "optimal_tiling_features": 515459,
          "buffer_features": 88
        },
        {
          "format": 52,
          "linear_tiling_features": 515459,
          "optimal_tiling_features": 515459,
          "buffer_features": 88
        },
        {
          "format": 53,
          "linear_tiling_features": 0,
          "optimal_tiling_features": 0,
          "buffer_features": 64
        },
        {
          "format": 54,
          "linear_tiling_features": 0,
          "optimal_tiling_features": 0,
          "buffer_features": 64
        },
        {
          "format": 55,
          "linear_tiling_features": 183427,
          "optimal_tiling_features": 183427,
          "buffer_features": 88
        },
        {
          "format": 56,
          "linear_tiling_features": 183427,
          "optimal_tiling_features": 183427,
          "buffer_features": 88
        },
        {
          "format": 57,
          "linear_tiling_features": 515459,
          "optimal_tiling_features": 515459,
          "buffer_features": 0
        },
        {
          "format": 58,
          "linear_tiling_features": 253315,
          "optimal_tiling_features": 253315,
          "buffer_features": 88
        },
        {
          "format": 60,
          "linear_tiling_features": 0,
          "optimal_tiling_features": 0,
          "buffer_features": 64
        },
        {
          "format": 61,
          "linear_tiling_features": 0,
          "optimal_tiling_features": 0,
          "buffer_features": 64
        },
        {
          "format": 62,
          "linear_tiling_features": 181251,
          "optimal_tiling_features": 181251,
          "buffer_features": 64
        },
        {
          "format": 63,
          "linear_tiling_features": 181249,
          "optimal_tiling_features": 181249,
          "buffer_features": 64
        },
        {
          "format": 64,
          "linear_tiling_features": 515459,
          "optimal_tiling_features": 515459,
          "buffer_features": 88
        },
        {
          "format": 65,
          "linear_tiling_features": 0,
          "optimal_tiling_features": 0,
          "buffer_features": 64
        },
        {
          "format": 66,
          "linear_tiling_features": 0,
          "optimal_tiling_features": 0,
          "buffer_features": 64
        },
        {
          "format": 67,
          "linear_tiling_features": 0,
          "optimal_tiling_features": 0,
          "buffer_features": 64
        },
        {
          "format": 68,
          "linear_tiling_features": 183427,
          "optimal_tiling_features": 183427,
          "buffer_features": 88
        },
        {
          "format": 69,
          "linear_tiling_features": 181249,
          "optimal_tiling_features": 181249,
          "buffer_features": 64
        },
        {
          "format": 70,
          "linear_tiling_features": 122243,
          "optimal_tiling_features": 122243,
          "buffer_features": 88
        },
        {
          "format": 71,
          "linear_tiling_features": 122243,
          "optimal_tiling_features": 122243,
          "buffer_features": 88
        },
        {
          "format": 72,
          "linear_tiling_features": 0,
          "optimal_tiling_features": 0,
          "buffer_features": 64
        },
        {
          "format": 73,
          "linear_tiling_features": 0,
          "optimal_tiling_features": 0,
          "buffer_features": 64
        },
        {
          "format": 74,
          "linear_tiling_features": 183427,
          "optimal_tiling_features": 183427,
          "buffer_features": 88
        },
        {
          "format": 75,
          "linear_tiling_features": 52355,
          "optimal_tiling_features": 52355,
          "buffer_features": 88
        },
        {
          "format": 76,
          "linear_tiling_features": 515459,
          "optimal_tiling_features": 515459,
          "buffer_features": 88
        },
        {
          "format": 77,
          "linear_tiling_features": 52611,
          "optimal_tiling_features": 52611,
          "buffer_features": 88
        },
        {
          "format": 78,
          "linear_tiling_features": 52611,
          "optimal_tiling_features": 52611,
          "buffer_features": 88
        },
        {
          "format": 79,
          "linear_tiling_features": 0,
          "optimal_tiling_features": 0,
          "buffer_features": 64
        },
        {
          "format": 80,
          "linear_tiling_features": 0,
          "optimal_tiling_features": 0,
          "buffer_features": 64
        },
        {
          "format": 81,
          "linear_tiling_features": 183427,
          "optimal_tiling_features": 183427,
          "buffer_features": 88
        },
        {
          "format": 82,
          "linear_tiling_features": 52355,
          "optimal_tiling_features": 52355,
          "buffer_features": 88
        },
        {
          "format": 83,
          "linear_tiling_features": 515459,
          "optimal_tiling_features": 515459,
          "buffer_features": 88
        },
        {
          "format": 84,
          "linear_tiling_features": 50177,
          "optimal_tiling_features": 50177,
          "buffer_features": 64
        },
        {
          "format": 85,
          "linear_tiling_features": 50177,
          "optimal_tiling_features": 50177,
          "buffer_features": 64
        },
        {
          "format": 86,
          "linear_tiling_features": 0,
          "optimal_tiling_features": 0,
          "buffer_features": 64
        },
        {
          "format": 87,
          "linear_tiling_features": 0,
          "optimal_tiling_features": 0,
          "buffer_features": 64
        },
        {
          "format": 88,
          "linear_tiling_features": 52225,
          "optimal_tiling_features": 52225,
          "buffer_features": 64
        },
        {
          "format": 89,
          "linear_tiling_features": 52353,
          "optimal_tiling_features": 52353,
          "buffer_features": 64
        },
        {
          "format": 90,
          "linear_tiling_features": 515457,
          "optimal_tiling_features": 515457,
          "buffer_features": 64
        },
        {
          "format": 91,
          "linear_tiling_features": 183683,
          "optimal_tiling_features": 183683,
          "buffer_features": 88
        },
        {
          "format": 92,
          "linear_tiling_features": 52611,
          "optimal_tiling_features": 52611,
          "buffer_features": 88
        },
        {
          "format": 93,
          "linear_tiling_features": 0,
          "optimal_tiling_features": 0,
          "buffer_features": 64
        },
        {
          "format": 94,
          "linear_tiling_features": 0,
          "optimal_tiling_features": 0,
          "buffer_features": 64
        },
        {
          "format": 95,
          "linear_tiling_features": 52355,
          "optimal_tiling_features": 52355,
          "buffer_features": 88
        },
        {
          "format": 96,
          "linear_tiling_features": 52355,
          "optimal_tiling_features": 52355,
          "buffer_features": 88
        },
        {
          "format": 97,
          "linear_tiling_features": 515459,
          "optimal_tiling_features": 515459,
          "buffer_features": 88
        },
        {
          "format": 98,
          "linear_tiling_features": 52359,
          "optimal_tiling_features": 52359,
          "buffer_features": 120
        },
        {
          "format": 99,
          "linear_tiling_features": 52359,
          "optimal_tiling_features": 52359,
          "buffer_features": 120
        },
        {
          "format": 100,
          "linear_tiling_features": 121987,
          "optimal_tiling_features": 121987,
          "buffer_features": 88
        },
        {
          "format": 101,
          "linear_tiling_features": 52355,
          "optimal_tiling_features": 52355,
          "buffer_features": 88
        },
        {
          "format": 102,
          "linear_tiling_features": 52355,
          "optimal_tiling_features": 52355,
          "buffer_features": 88
        },
        {
          "format": 103,
          "linear_tiling_features": 121987,
          "optimal_tiling_features": 121987,
          "buffer_features": 88
        },
        {
          "format": 104,
          "linear_tiling_features": 50177,
          "optimal_tiling_features": 50177,
          "buffer_features": 88
        },
        {
          "format": 105,
          "linear_tiling_features": 50177,
          "optimal_tiling_features": 50177,
          "buffer_features": 88
        },
        {
          "format": 106,
          "linear_tiling_features": 119809,
          "optimal_tiling_features": 119809,
          "buffer_features": 88
        },
        {
          "format": 107,
          "linear_tiling_features": 52355,
          "optimal_tiling_features": 52355,
          "buffer_features": 88
        },
        {
          "format": 108,
          "linear_tiling_features": 52355,
          "optimal_tiling_features": 52355,
          "buffer_features": 88
        },
        {
          "format": 109,
          "linear_tiling_features": 121987,
          "optimal_tiling_features": 121987,
          "buffer_features": 88
        },
        {
          "format": 110,
          "linear_tiling_features": 49159,
          "optimal_tiling_features": 49159,
          "buffer_features": 0
        },
        {
          "format": 111,
          "linear_tiling_features": 49159,
          "optimal_tiling_features": 49159,
          "buffer_features": 0
        },
        {
          "format": 122,
          "linear_tiling_features": 122243,
          "optimal_tiling_features": 122243,
          "buffer_features": 24
        },
        {
          "format": 123,
          "linear_tiling_features": 120195,
          "optimal_tiling_features": 120195,
          "buffer_features": 24
        },
        {
          "format": 124,
          "linear_tiling_features": 122369,
          "optimal_tiling_features": 122369,
          "buffer_features": 0
        },
        {
          "format": 125,
          "linear_tiling_features": 122369,
          "optimal_tiling_features": 122369,
          "buffer_features": 0
        },
        {
          "format": 126,
          "linear_tiling_features": 122369,
          "optimal_tiling_features": 122369,
          "buffer_features": 0
        },
        {
          "format": 127,
          "linear_tiling_features": 52737,
          "optimal_tiling_features": 52737,
          "buffer_features": 0
        },
        {
          "format": 129,
          "linear_tiling_features": 0,
          "optimal_tiling_features": 122369,
          "buffer_features": 0
        },
        {
          "format": 130,
          "linear_tiling_features": 0,
          "optimal_tiling_features": 122369,
          "buffer_features": 0
        },
        {
          "format": 147,
          "linear_tiling_features": 119809,
          "optimal_tiling_features": 119809,
          "buffer_features": 0
        },
        {
          "format": 148,
          "linear_tiling_features": 119809,
          "optimal_tiling_features": 119809,
          "buffer_features": 0
        },
        {
          "format": 149,
          "linear_tiling_features": 119809,
          "optimal_tiling_features": 119809,
          "buffer_features": 0
        },
        {
          "format": 150,
          "linear_tiling_features": 119809,
          "optimal_tiling_features": 119809,
          "buffer_features": 0
        },
        {
          "format": 151,
          "linear_tiling_features": 119809,
          "optimal_tiling_features": 119809,
          "buffer_features": 0
        },
        {
          "format": 152,
          "linear_tiling_features": 119809,
          "optimal_tiling_features": 119809,
          "buffer_features": 0
        },
        {
          "format": 153,
          "linear_tiling_features": 119809,
          "optimal_tiling_features": 119809,
          "buffer_features": 0
        },
        {
          "format": 154,
          "linear_tiling_features": 119809,
          "optimal_tiling_features": 119809,
          "buffer_features": 0
        },
        {
          "format": 155,
          "linear_tiling_features": 119809,
          "optimal_tiling_features": 119809,
          "buffer_features": 0
        },
        {
          "format": 156,
          "linear_tiling_features": 119809,
          "optimal_tiling_features": 119809,
          "buffer_features": 0
        },
        {
          "format": 157,
          "linear_tiling_features": 119809,
          "optimal_tiling_features": 119809,
          "buffer_features": 0
        },
        {
          "format": 158,
          "linear_tiling_features": 119809,
          "optimal_tiling_features": 119809,
          "buffer_features": 0
        },
        {
          "format": 159,
          "linear_tiling_features": 119809,
          "optimal_tiling_features": 119809,
          "buffer_features": 0
        },
        {
          "format": 160,
          "linear_tiling_features": 119809,
          "optimal_tiling_features": 119809,
          "buffer_features": 0
        },
        {
          "format": 161,
          "linear_tiling_features": 119809,
          "optimal_tiling_features": 119809,
          "buffer_features": 0
        },
        {
          "format": 162,
          "linear_tiling_features": 119809,
          "optimal_tiling_features": 119809,
          "buffer_features": 0
        },
        {
          "format": 163,
          "linear_tiling_features": 119809,
          "optimal_tiling_features": 119809,
          "buffer_features": 0
        },
        {
          "format": 164,
          "linear_tiling_features": 119809,
          "optimal_tiling_features": 119809,
          "buffer_features": 0
        },
        {
          "format": 165,
          "linear_tiling_features": 119809,
          "optimal_tiling_features": 119809,
          "buffer_features": 0
        },
        {
          "format": 166,
          "linear_tiling_features": 119809,
          "optimal_tiling_features": 119809,
          "buffer_features": 0
        },
        {
          "format": 167,
          "linear_tiling_features": 119809,
          "optimal_tiling_features": 119809,
          "buffer_features": 0
        },
        {
          "format": 168,
          "linear_tiling_features": 119809,
          "optimal_tiling_features": 119809,
          "buffer_features": 0
        },
        {
          "format": 169,
          "linear_tiling_features": 119809,
          "optimal_tiling_features": 119809,
          "buffer_features": 0
        },
        {
          "format": 170,
          "linear_tiling_features": 119809,
          "optimal_tiling_features": 119809,
          "buffer_features": 0
        },
        {
          "format": 171,
          "linear_tiling_features": 119809,
          "optimal_tiling_features": 119809,
          "buffer_features": 0
        },
        {
          "format": 172,
          "linear_tiling_features": 119809,
          "optimal_tiling_features": 119809,
          "buffer_features": 0
        },
        {
          "format": 173,
          "linear_tiling_features": 119809,
          "optimal_tiling_features": 119809,
          "buffer_features": 0
        },
        {
          "format": 174,
          "linear_tiling_features": 119809,
          "optimal_tiling_features": 119809,
          "buffer_features": 0
        },
        {
          "format": 175,
          "linear_tiling_features": 119809,
          "optimal_tiling_features": 119809,
          "buffer_features": 0
        },
        {
          "format": 176,
          "linear_tiling_features": 119809,
          "optimal_tiling_features": 119809,
          "buffer_features": 0
        },
        {
          "format": 177,
          "linear_tiling_features": 119809,
          "optimal_tiling_features": 119809,
          "buffer_features": 0
        },
        {
          "format": 178,
          "linear_tiling_features": 119809,
          "optimal_tiling_features": 119809,
          "buffer_features": 0
        },
        {
          "format": 179,
          "linear_tiling_features": 119809,
          "optimal_tiling_features": 119809,
          "buffer_features": 0
        },
        {
          "format": 180,
          "linear_tiling_features": 119809,
          "optimal_tiling_features": 119809,
          "buffer_features": 0
        },
        {
          "format": 181,
          "linear_tiling_features": 119809,
          "optimal_tiling_features": 119809,
          "buffer_features": 0
        },
        {
          "format": 182,
          "linear_tiling_features": 119809,
          "optimal_tiling_features": 119809,
          "buffer_features": 0
        },
        {
          "format": 183,
          "linear_tiling_features": 119809,
          "optimal_tiling_features": 119809,
          "buffer_features": 0
        },
        {
          "format": 184,
          "linear_tiling_features": 119809,
          "optimal_tiling_features": 119809,
          "buffer_features": 0
        },
        {
          "format": 1000156000,
          "linear_tiling_features": 8835073,
          "optimal_tiling_features": 8835073,
          "buffer_features": 0
        },
        {
          "format": 1000156001,
          "linear_tiling_features": 8835073,
          "optimal_tiling_features": 8835073,
          "buffer_features": 0
        },
        {
          "format": 1000156002,
          "linear_tiling_features": 13029377,
          "optimal_tiling_features": 13029377,
          "buffer_features": 0
        },
        {
          "format": 1000156003,
          "linear_tiling_features": 13029377,
          "optimal_tiling_features": 13029377,
          "buffer_features": 0
        },
        {
          "format": 1000156004,
          "linear_tiling_features": 13029377,
          "optimal_tiling_features": 13029377,
          "buffer_features": 0
        },
        {
          "format": 1000156005,
          "linear_tiling_features": 13029377,
          "optimal_tiling_features": 13029377,
          "buffer_features": 0
        },
        {
          "format": 1000156010,
          "linear_tiling_features": 8835073,
          "optimal_tiling_features": 8835073,
          "buffer_features": 0
        },
        {
          "format": 1000156011,
          "linear_tiling_features": 8835073,
          "optimal_tiling_features": 8835073,
          "buffer_features": 0
        },
        {
          "format": 1000156013,
          "linear_tiling_features": 13029377,
          "optimal_tiling_features": 13029377,
          "buffer_features": 0
        },
        {
          "format": 1000156015,
          "linear_tiling_features": 13029377,
          "optimal_tiling_features": 13029377,
          "buffer_features": 0
        }
      ],
      "subgroup_properties": {
        "subgroup_size": 16,
        "supported_stages": 48,
        "supported_operations": 255,
        "quad_operations_in_all_stages": false
      },
      "point_clipping_properties": {
        "point_clipping_behavior": 1
      },
      "multiview_properties": {
        "max_multiview_view_count": 8,
        "max_multiview_instance_index": 4294967295
      },
      "id_properties": {
        "device_uuid": [
          0,
          0,
          98,
          168,
          1,
          0,
          0,
          0,
          0,
          0,
          0,
          0,
          0,
          0,
          0,
          0
        ],
        "driver_uuid": [
          40,
          217,
          184,
          2,
          32,
          165,
          105,
          7,
          56,
          85,
          160,
          71,
          186,
          18,
          0,
          172
        ],
        "device_luid": [
          0,
          0,
          0,
          0,
          0,
          0,
          0,
          0
        ],
        "device_node_mask": 0,
        "device_luid_valid": false
      },
      "maintenance_3_properties": {
        "max_per_set_descriptors": 500000,
        "max_memory_allocation_size": "0x00000001d3328000"
      },
      "bit16_storage_features": {
        "storage_buffer_16bit_access": true,
        "uniform_and_storage_buffer_16bit_access": true,
        "storage_push_constant_16": true,
        "storage_input_output_16": true
      },
      "multiview_features": {
        "multiview": true,
        "multiview_geometry_shader": false,
        "multiview_tessellation_shader": false
      },
      "variable_pointer_features": {
        "variable_pointers_storage_buffer": true,
        "variable_pointers": true
      },
      "protected_memory_features": {
        "protected_memory": true
      },
      "sampler_ycbcr_conversion_features": {
        "sampler_ycbcr_conversion": true
      },
      "shader_draw_parameter_features": {
        "shader_draw_parameters": true
      },
      "external_fence_properties": [
        {
          "handle_type": 8,
          "export_from_imported_handle_types": 8,
          "compatible_handle_types": 8,
          "external_fence_features": 3
        }
      ],
      "external_semaphore_properties": [
        {
          "handle_type": 16,
          "export_from_imported_handle_types": 16,
          "compatible_handle_types": 16,
          "external_semaphore_features": 3
        }
      ]
    }
  ],
  "instance_api_version": 4206592
}